,time,value
0,2018-07-03 00:00:00,0.0
1,2018-07-03 00:07:37,0.292534
2,2018-07-03 00:07:40,0.0
3,2018-07-03 00:15:31,0.278355
4,2018-07-03 00:15:34,0.0
5,2018-07-03 00:37:43,0.27453099999999997
6,2018-07-03 00:37:46,0.0
7,2018-07-03 01:00:00,0.0
8,2018-07-03 01:33:37,0.284224
9,2018-07-03 01:33:40,0.0
10,2018-07-03 01:38:54,0.284027
11,2018-07-03 01:38:57,0.0
12,2018-07-03 01:43:03,0.271365
13,2018-07-03 01:43:06,0.0
14,2018-07-03 02:00:01,0.0
15,2018-07-03 02:02:50,0.286928
16,2018-07-03 02:02:53,0.0
17,2018-07-03 02:33:38,0.295369
18,2018-07-03 02:33:42,0.0
19,2018-07-03 02:43:44,0.288907
20,2018-07-03 02:43:47,0.0
21,2018-07-03 02:52:33,0.27110100000000004
22,2018-07-03 02:52:36,0.0
23,2018-07-03 03:00:00,0.0
24,2018-07-03 03:02:14,0.30446999999999996
25,2018-07-03 03:02:17,0.0
26,2018-07-03 03:15:22,0.280004
27,2018-07-03 03:15:25,0.0
28,2018-07-03 03:59:24,0.27103499999999997
29,2018-07-03 03:59:27,0.0
30,2018-07-03 04:00:00,0.0
31,2018-07-03 04:16:18,0.297743
32,2018-07-03 04:16:21,0.0
33,2018-07-03 04:19:17,0.297545
34,2018-07-03 04:19:20,0.0
35,2018-07-03 04:33:38,0.27268400000000004
36,2018-07-03 04:33:41,0.0
37,2018-07-03 04:56:51,0.273278
38,2018-07-03 04:56:55,0.0
39,2018-07-03 05:00:01,0.0
40,2018-07-03 05:01:25,0.270376
41,2018-07-03 05:01:28,0.0
42,2018-07-03 05:15:21,0.31535100000000005
43,2018-07-03 05:15:24,0.0
44,2018-07-03 05:15:52,0.288445
45,2018-07-03 05:15:55,0.0
46,2018-07-03 05:23:08,0.273607
47,2018-07-03 05:23:11,0.0
48,2018-07-03 05:42:55,0.28284000000000004
49,2018-07-03 05:42:58,0.0
50,2018-07-03 05:52:52,0.294248
51,2018-07-03 05:52:55,0.0
52,2018-07-03 06:00:00,0.0
53,2018-07-03 06:09:32,0.279806
54,2018-07-03 06:09:35,0.0
55,2018-07-03 06:15:35,0.27716799999999997
56,2018-07-03 06:15:38,0.0
57,2018-07-03 06:18:55,0.27209099999999997
58,2018-07-03 06:18:58,0.0
59,2018-07-03 06:42:08,0.270904
60,2018-07-03 06:42:11,0.0
61,2018-07-03 06:59:09,0.271497
62,2018-07-03 06:59:13,0.0
63,2018-07-03 07:00:00,0.0
64,2018-07-03 07:02:05,0.278223
65,2018-07-03 07:02:08,0.0
66,2018-07-03 07:10:38,0.30717300000000003
67,2018-07-03 07:10:42,0.0
68,2018-07-03 07:19:43,0.275586
69,2018-07-03 07:19:46,0.0
70,2018-07-03 07:19:49,0.291478
71,2018-07-03 07:19:52,0.0
72,2018-07-03 07:48:22,0.280729
73,2018-07-03 07:48:25,0.0
74,2018-07-03 07:52:43,0.289698
75,2018-07-03 07:52:46,0.0
76,2018-07-03 07:56:39,0.270574
77,2018-07-03 07:56:42,0.0
78,2018-07-03 07:57:28,0.282972
79,2018-07-03 07:57:31,0.0
80,2018-07-03 08:00:00,0.0
81,2018-07-03 08:22:38,0.27261799999999997
82,2018-07-03 08:22:41,0.0
83,2018-07-03 08:23:42,0.27387100000000003
84,2018-07-03 08:23:45,0.0
85,2018-07-03 09:00:00,0.0
86,2018-07-03 09:13:18,863.1171029999997
87,2018-07-03 09:13:21,1162.154084
88,2018-07-03 09:13:28,1160.235074
89,2018-07-03 09:13:30,1159.6837050000001
90,2018-07-03 09:13:33,445.041178
91,2018-07-03 09:13:40,0.300645
92,2018-07-03 09:13:41,0.300645
93,2018-07-03 09:13:42,0.308558
94,2018-07-03 09:13:45,0.329397
95,2018-07-03 09:13:48,0.397848
96,2018-07-03 09:13:53,248.55330800000002
97,2018-07-03 09:13:55,188.065527
98,2018-07-03 09:13:58,29.082032
99,2018-07-03 09:14:01,0.330782
100,2018-07-03 09:14:04,0.0
101,2018-07-03 09:14:10,0.307239
102,2018-07-03 09:14:13,0.288907
103,2018-07-03 09:14:16,0.296095
104,2018-07-03 09:14:19,0.0
105,2018-07-03 09:14:22,0.278685
106,2018-07-03 09:14:25,0.0
107,2018-07-03 09:14:28,0.313438
108,2018-07-03 09:14:32,0.32333
109,2018-07-03 09:14:35,0.381098
110,2018-07-03 09:14:38,0.362699
111,2018-07-03 09:14:41,0.28521399999999997
112,2018-07-03 09:14:44,0.31950500000000004
113,2018-07-03 09:14:47,0.295501
114,2018-07-03 09:14:50,0.0
115,2018-07-03 09:14:53,0.28007
116,2018-07-03 09:14:56,1116.5534
117,2018-07-03 09:14:59,689.693158
118,2018-07-03 09:15:02,876.9397759999997
119,2018-07-03 09:15:05,38.626501
120,2018-07-03 09:15:09,224.051114
121,2018-07-03 09:15:12,195.279619
122,2018-07-03 09:15:15,368.360252
123,2018-07-03 09:15:18,8.575994999999999
124,2018-07-03 09:15:21,0.0
125,2018-07-03 09:15:24,0.415522
126,2018-07-03 09:15:30,0.687876
127,2018-07-03 09:15:39,0.275124
128,2018-07-03 09:15:42,0.320758
129,2018-07-03 09:15:45,0.0
130,2018-07-03 09:15:52,0.328342
131,2018-07-03 09:15:55,0.32873800000000003
132,2018-07-03 09:15:58,0.273146
133,2018-07-03 09:16:01,0.0
134,2018-07-03 09:16:05,125.43927
135,2018-07-03 09:16:07,10.651427
136,2018-07-03 09:16:10,0.0
137,2018-07-03 09:16:19,0.319967
138,2018-07-03 09:16:22,0.31634
139,2018-07-03 09:16:25,0.32768200000000003
140,2018-07-03 09:16:28,0.0
141,2018-07-03 09:16:35,0.284752
142,2018-07-03 09:16:38,0.28462
143,2018-07-03 09:16:41,0.291281
144,2018-07-03 09:16:44,82.567538
145,2018-07-03 09:16:47,7.093610000000001
146,2018-07-03 09:16:50,194.247178
147,2018-07-03 09:16:53,0.0
148,2018-07-03 09:16:56,0.3718
149,2018-07-03 09:16:59,0.30295300000000003
150,2018-07-03 09:17:02,0.0
151,2018-07-03 09:17:08,0.31119600000000003
152,2018-07-03 09:17:11,0.297084
153,2018-07-03 09:17:15,0.309811
154,2018-07-03 09:17:18,0.0
155,2018-07-03 09:17:21,0.288313
156,2018-07-03 09:17:24,0.335926
157,2018-07-03 09:17:27,0.30295300000000003
158,2018-07-03 09:17:30,0.37456999999999996
159,2018-07-03 09:17:33,0.0
160,2018-07-03 09:17:36,0.409455
161,2018-07-03 09:17:50,0.380307
162,2018-07-03 09:17:53,0.327419
163,2018-07-03 09:17:54,0.327419
164,2018-07-03 09:17:56,0.348455
165,2018-07-03 09:17:58,0.38459299999999996
166,2018-07-03 09:17:59,0.38459299999999996
167,2018-07-03 09:18:01,0.28580700000000003
168,2018-07-03 09:18:04,0.32642899999999997
169,2018-07-03 09:18:07,733.0269040000003
170,2018-07-03 09:18:13,34.330821
171,2018-07-03 09:18:18,0.335134
172,2018-07-03 09:18:30,0.31878
173,2018-07-03 09:18:31,0.31878
174,2018-07-03 09:18:32,0.27176100000000003
175,2018-07-03 09:18:33,0.27176100000000003
176,2018-07-03 09:18:36,0.0
177,2018-07-03 09:18:37,0.0
178,2018-07-03 09:18:44,0.33065
179,2018-07-03 09:18:47,24.917847000000002
180,2018-07-03 09:18:56,32.95131
181,2018-07-03 09:19:00,32.10345
182,2018-07-03 09:19:01,32.10345
183,2018-07-03 09:19:02,32.10345
184,2018-07-03 09:19:03,32.959685
185,2018-07-03 09:19:05,33.083069
186,2018-07-03 09:19:08,81.27751500000002
187,2018-07-03 09:19:11,0.360523
188,2018-07-03 09:19:15,0.335266
189,2018-07-03 09:19:18,0.301106
190,2018-07-03 09:19:21,9.865688
191,2018-07-03 09:19:24,32.861426
192,2018-07-03 09:19:27,32.858129
193,2018-07-03 09:19:30,247.82415
194,2018-07-03 09:19:33,23.261959
195,2018-07-03 09:19:36,456.23691799999995
196,2018-07-03 09:19:42,184.749399
197,2018-07-03 09:19:43,184.749399
198,2018-07-03 09:19:45,1162.340379
199,2018-07-03 09:19:49,974.3402699999999
200,2018-07-03 09:19:51,468.338417
201,2018-07-03 09:19:55,1196.251721
202,2018-07-03 09:19:58,715.307718
203,2018-07-03 09:20:01,724.518173
204,2018-07-03 09:20:04,346.847427
205,2018-07-03 09:20:07,0.285675
206,2018-07-03 09:20:11,0.27453099999999997
207,2018-07-03 09:20:13,247.247986
208,2018-07-03 09:20:19,2.157798
209,2018-07-03 09:20:21,0.336387
210,2018-07-03 09:20:27,81.887245
211,2018-07-03 09:20:31,0.362502
212,2018-07-03 09:20:35,0.334739
213,2018-07-03 09:20:36,0.334739
214,2018-07-03 09:20:37,0.334739
215,2018-07-03 09:20:39,0.373053
216,2018-07-03 09:20:41,0.3768780000000001
217,2018-07-03 09:20:44,0.316538
218,2018-07-03 09:20:47,725.4183929999997
219,2018-07-03 09:20:52,165.88988600000005
220,2018-07-03 09:20:55,230.557283
221,2018-07-03 09:20:58,264.538989
222,2018-07-03 09:21:05,526.411675
223,2018-07-03 09:21:07,293.252255
224,2018-07-03 09:21:10,239.56475899999998
225,2018-07-03 09:21:12,239.56475899999998
226,2018-07-03 09:21:15,0.285082
227,2018-07-03 09:21:18,0.0
228,2018-07-03 09:21:24,0.549259
229,2018-07-03 09:21:25,0.549259
230,2018-07-03 09:21:26,0.549259
231,2018-07-03 09:21:39,0.298798
232,2018-07-03 09:21:40,0.298798
233,2018-07-03 09:21:42,0.37879
234,2018-07-03 09:21:46,0.0
235,2018-07-03 09:21:49,0.304272
236,2018-07-03 09:21:52,0.0
237,2018-07-03 09:21:58,80.59564
238,2018-07-03 09:22:01,0.0
239,2018-07-03 09:22:04,0.333683
240,2018-07-03 09:22:07,0.0
241,2018-07-03 09:22:10,0.32056
242,2018-07-03 09:22:13,0.36632600000000004
243,2018-07-03 09:22:16,0.0
244,2018-07-03 09:22:19,0.30446999999999996
245,2018-07-03 09:22:22,0.0
246,2018-07-03 09:22:25,57.785802000000004
247,2018-07-03 09:22:29,47.472476
248,2018-07-03 09:22:32,0.39019899999999996
249,2018-07-03 09:22:35,0.291544
250,2018-07-03 09:22:38,0.41084
251,2018-07-03 09:22:41,0.293325
252,2018-07-03 09:22:44,0.0
253,2018-07-03 09:22:47,0.34139899999999995
254,2018-07-03 09:22:50,0.30328299999999997
255,2018-07-03 09:22:53,0.304799
256,2018-07-03 09:22:56,0.0
257,2018-07-03 09:23:02,0.38465900000000003
258,2018-07-03 09:23:05,0.0
259,2018-07-03 09:23:08,0.35544499999999996
260,2018-07-03 09:23:12,222.988867
261,2018-07-03 09:23:15,0.29833699999999996
262,2018-07-03 09:23:18,0.31845
263,2018-07-03 09:23:21,0.342652
264,2018-07-03 09:23:24,0.313834
265,2018-07-03 09:23:27,0.31040500000000004
266,2018-07-03 09:23:30,0.312185
267,2018-07-03 09:23:33,0.345686
268,2018-07-03 09:23:36,81.96644599999998
269,2018-07-03 09:23:39,30.281841999999997
270,2018-07-03 09:23:42,0.299392
271,2018-07-03 09:23:45,0.322407
272,2018-07-03 09:23:48,0.0
273,2018-07-03 09:23:51,0.339091
274,2018-07-03 09:23:55,0.0
275,2018-07-03 09:23:58,0.28910399999999997
276,2018-07-03 09:24:01,0.0
277,2018-07-03 09:24:04,0.353269
278,2018-07-03 09:24:07,0.311064
279,2018-07-03 09:24:10,0.284686
280,2018-07-03 09:24:13,0.335992
281,2018-07-03 09:24:16,0.345026
282,2018-07-03 09:24:19,0.270574
283,2018-07-03 09:24:22,0.334277
284,2018-07-03 09:24:25,0.351159
285,2018-07-03 09:24:28,0.0
286,2018-07-03 09:24:35,0.377933
287,2018-07-03 09:24:38,93.186322
288,2018-07-03 09:24:41,0.466959
289,2018-07-03 09:24:46,0.0
290,2018-07-03 09:24:50,0.311922
291,2018-07-03 09:24:53,0.314361
292,2018-07-03 09:24:56,0.0
293,2018-07-03 09:24:59,0.405036
294,2018-07-03 09:25:02,0.36533699999999997
295,2018-07-03 09:25:05,0.0
296,2018-07-03 09:25:08,0.329331
297,2018-07-03 09:25:12,0.0
298,2018-07-03 09:25:18,0.304008
299,2018-07-03 09:25:21,0.35228000000000004
300,2018-07-03 09:25:24,0.0
301,2018-07-03 09:25:27,0.278619
302,2018-07-03 09:25:30,0.327419
303,2018-07-03 09:25:33,0.284224
304,2018-07-03 09:25:36,0.347598
305,2018-07-03 09:25:39,0.330452
306,2018-07-03 09:25:42,80.90162600000002
307,2018-07-03 09:25:45,153.405705
308,2018-07-03 09:25:48,57.750257
309,2018-07-03 09:25:52,0.33256199999999997
310,2018-07-03 09:25:55,0.389737
311,2018-07-03 09:25:58,0.35320300000000004
312,2018-07-03 09:26:01,0.422908
313,2018-07-03 09:26:04,0.295831
314,2018-07-03 09:26:07,0.290489
315,2018-07-03 09:26:10,0.0
316,2018-07-03 09:26:13,0.300777
317,2018-07-03 09:26:16,0.0
318,2018-07-03 09:26:19,0.285477
319,2018-07-03 09:26:22,0.326957
320,2018-07-03 09:26:25,0.0
321,2018-07-03 09:26:28,0.308492
322,2018-07-03 09:26:31,0.36243600000000004
323,2018-07-03 09:26:35,0.0
324,2018-07-03 09:26:41,0.31587800000000005
325,2018-07-03 09:26:44,0.0
326,2018-07-03 09:26:50,0.41426899999999994
327,2018-07-03 09:26:53,0.317725
328,2018-07-03 09:26:56,0.3352
329,2018-07-03 09:26:59,0.354192
330,2018-07-03 09:27:02,0.30842600000000003
331,2018-07-03 09:27:05,0.285346
332,2018-07-03 09:27:08,0.302557
333,2018-07-03 09:27:11,236.14239300000003
334,2018-07-03 09:27:15,0.271959
335,2018-07-03 09:27:20,0.28026799999999996
336,2018-07-03 09:27:22,0.317923
337,2018-07-03 09:27:24,0.279542
338,2018-07-03 09:27:27,0.383011
339,2018-07-03 09:27:30,0.0
340,2018-07-03 09:27:36,0.45541899999999996
341,2018-07-03 09:27:39,0.28936799999999996
342,2018-07-03 09:27:42,0.35320300000000004
343,2018-07-03 09:27:45,0.328342
344,2018-07-03 09:27:48,0.0
345,2018-07-03 09:27:55,0.292534
346,2018-07-03 09:27:58,0.376548
347,2018-07-03 09:28:01,0.38004299999999996
348,2018-07-03 09:28:04,0.0
349,2018-07-03 09:28:10,82.530872
350,2018-07-03 09:28:13,0.323396
351,2018-07-03 09:28:18,0.0
352,2018-07-03 09:28:19,0.311526
353,2018-07-03 09:28:22,7.3124160000000025
354,2018-07-03 09:28:30,0.358809
355,2018-07-03 09:28:33,0.0
356,2018-07-03 09:28:35,0.297084
357,2018-07-03 09:28:36,0.0
358,2018-07-03 09:28:40,0.283631
359,2018-07-03 09:28:43,0.33724499999999996
360,2018-07-03 09:28:46,0.294248
361,2018-07-03 09:28:49,0.0
362,2018-07-03 09:28:52,0.326891
363,2018-07-03 09:28:55,0.332694
364,2018-07-03 09:28:58,0.0
365,2018-07-03 09:29:01,0.37951599999999996
366,2018-07-03 09:29:04,0.0
367,2018-07-03 09:29:07,0.286269
368,2018-07-03 09:29:10,172.082154
369,2018-07-03 09:29:13,1.110058
370,2018-07-03 09:29:16,0.27987199999999995
371,2018-07-03 09:29:19,0.28732399999999997
372,2018-07-03 09:29:23,0.0
373,2018-07-03 09:29:26,0.339619
374,2018-07-03 09:29:29,0.0
375,2018-07-03 09:29:32,0.327353
376,2018-07-03 09:29:35,0.0
377,2018-07-03 09:29:38,0.32873800000000003
378,2018-07-03 09:29:41,0.30941599999999997
379,2018-07-03 09:29:44,0.0
380,2018-07-03 09:29:47,0.32715500000000003
381,2018-07-03 09:29:50,0.361249
382,2018-07-03 09:29:53,1.150219
383,2018-07-03 09:29:56,76.665033
384,2018-07-03 09:29:59,132.203021
385,2018-07-03 09:30:03,0.289236
386,2018-07-03 09:30:06,0.0
387,2018-07-03 09:30:12,0.37601999999999997
388,2018-07-03 09:30:15,0.299854
389,2018-07-03 09:30:18,0.0
390,2018-07-03 09:30:21,0.3383
391,2018-07-03 09:30:24,0.271827
392,2018-07-03 09:30:27,0.331705
393,2018-07-03 09:30:30,0.30044699999999996
394,2018-07-03 09:30:33,0.29530300000000004
395,2018-07-03 09:30:36,0.32253899999999996
396,2018-07-03 09:30:39,82.808766
397,2018-07-03 09:30:42,0.419412
398,2018-07-03 09:30:46,0.285609
399,2018-07-03 09:30:49,0.366722
400,2018-07-03 09:30:52,0.0
401,2018-07-03 09:30:55,0.29523699999999997
402,2018-07-03 09:30:58,0.38433
403,2018-07-03 09:31:01,0.32464899999999997
404,2018-07-03 09:31:04,82.797225
405,2018-07-03 09:31:07,0.32959499999999997
406,2018-07-03 09:31:10,0.28277399999999997
407,2018-07-03 09:31:13,0.285873
408,2018-07-03 09:31:16,0.311922
409,2018-07-03 09:31:19,0.314625
410,2018-07-03 09:31:22,0.312581
411,2018-07-03 09:31:25,0.380703
412,2018-07-03 09:31:29,235.16627000000003
413,2018-07-03 09:31:32,0.0
414,2018-07-03 09:31:36,0.331705
415,2018-07-03 09:31:38,0.27169499999999996
416,2018-07-03 09:31:41,0.348719
417,2018-07-03 09:31:44,0.30446999999999996
418,2018-07-03 09:31:47,0.304865
419,2018-07-03 09:31:50,0.317065
420,2018-07-03 09:31:53,0.338629
421,2018-07-03 09:31:56,0.341663
422,2018-07-03 09:31:59,0.311262
423,2018-07-03 09:32:02,0.41532399999999997
424,2018-07-03 09:32:05,0.34370700000000004
425,2018-07-03 09:32:08,0.0
426,2018-07-03 09:32:12,0.33012199999999997
427,2018-07-03 09:32:15,0.3108
428,2018-07-03 09:32:18,0.299788
429,2018-07-03 09:32:21,0.291215
430,2018-07-03 09:32:24,223.657025
431,2018-07-03 09:32:27,3.139526
432,2018-07-03 09:32:30,0.33797
433,2018-07-03 09:32:33,0.0
434,2018-07-03 09:32:36,0.322209
435,2018-07-03 09:32:39,0.0
436,2018-07-03 09:32:42,0.370151
437,2018-07-03 09:32:45,0.29405
438,2018-07-03 09:32:48,0.331309
439,2018-07-03 09:32:52,0.36480999999999997
440,2018-07-03 09:32:55,0.0
441,2018-07-03 09:32:58,0.34008
442,2018-07-03 09:33:01,0.0
443,2018-07-03 09:33:04,0.326957
444,2018-07-03 09:33:07,0.342124
445,2018-07-03 09:33:10,0.318912
446,2018-07-03 09:33:13,82.312725
447,2018-07-03 09:33:16,0.0
448,2018-07-03 09:33:19,0.281916
449,2018-07-03 09:33:22,0.31495500000000004
450,2018-07-03 09:33:25,0.310339
451,2018-07-03 09:33:28,0.276509
452,2018-07-03 09:33:31,0.372327
453,2018-07-03 09:33:35,0.277432
454,2018-07-03 09:33:38,0.331309
455,2018-07-03 09:33:41,15.559872
456,2018-07-03 09:33:44,156.02366999999995
457,2018-07-03 09:33:49,0.303481
458,2018-07-03 09:33:50,0.28976399999999997
459,2018-07-03 09:33:53,0.307437
460,2018-07-03 09:33:56,0.433525
461,2018-07-03 09:33:59,0.35261
462,2018-07-03 09:34:02,0.297545
463,2018-07-03 09:34:05,0.293259
464,2018-07-03 09:34:08,0.324847
465,2018-07-03 09:34:11,0.302162
466,2018-07-03 09:34:14,0.313702
467,2018-07-03 09:34:18,0.301964
468,2018-07-03 09:34:21,0.346147
469,2018-07-03 09:34:24,0.0
470,2018-07-03 09:34:27,0.296688
471,2018-07-03 09:34:30,0.333024
472,2018-07-03 09:34:33,0.0
473,2018-07-03 09:34:36,0.329793
474,2018-07-03 09:34:39,0.276905
475,2018-07-03 09:34:42,0.277762
476,2018-07-03 09:34:45,0.305129
477,2018-07-03 09:34:48,0.326232
478,2018-07-03 09:34:51,0.400025
479,2018-07-03 09:34:55,0.0
480,2018-07-03 09:34:58,0.290423
481,2018-07-03 09:35:01,78.726287
482,2018-07-03 09:35:04,212.84317400000003
483,2018-07-03 09:35:07,0.371998
484,2018-07-03 09:35:10,0.318186
485,2018-07-03 09:35:13,0.0
486,2018-07-03 09:35:16,0.32708899999999996
487,2018-07-03 09:35:19,0.365469
488,2018-07-03 09:35:22,0.296292
489,2018-07-03 09:35:25,0.309745
490,2018-07-03 09:35:29,0.310339
491,2018-07-03 09:35:31,0.31950500000000004
492,2018-07-03 09:35:34,0.0
493,2018-07-03 09:35:37,0.351093
494,2018-07-03 09:35:41,0.294578
495,2018-07-03 09:35:44,0.280663
496,2018-07-03 09:35:47,0.299854
497,2018-07-03 09:35:50,0.34139899999999995
498,2018-07-03 09:35:53,0.345158
499,2018-07-03 09:35:56,0.313438
500,2018-07-03 09:35:59,0.373317
501,2018-07-03 09:36:02,0.419083
502,2018-07-03 09:36:05,0.321154
503,2018-07-03 09:36:08,0.0
504,2018-07-03 09:36:14,145.228811
505,2018-07-03 09:36:18,0.32464899999999997
506,2018-07-03 09:36:21,0.295105
507,2018-07-03 09:36:24,0.41611499999999996
508,2018-07-03 09:36:27,0.275783
509,2018-07-03 09:36:30,0.327617
510,2018-07-03 09:36:33,0.0
511,2018-07-03 09:36:36,0.285346
512,2018-07-03 09:36:39,0.366656
513,2018-07-03 09:36:42,0.359006
514,2018-07-03 09:36:45,0.0
515,2018-07-03 09:36:48,0.344762
516,2018-07-03 09:36:51,0.336519
517,2018-07-03 09:36:54,0.34680700000000003
518,2018-07-03 09:36:57,0.0
519,2018-07-03 09:37:01,0.341333
520,2018-07-03 09:37:04,77.42274499999998
521,2018-07-03 09:37:07,0.308756
522,2018-07-03 09:37:10,0.0
523,2018-07-03 09:37:16,0.275783
524,2018-07-03 09:37:19,0.0
525,2018-07-03 09:37:22,0.370481
526,2018-07-03 09:37:25,0.273014
527,2018-07-03 09:37:28,0.370481
528,2018-07-03 09:37:31,0.0
529,2018-07-03 09:37:34,22.491652
530,2018-07-03 09:37:37,0.333683
531,2018-07-03 09:37:40,0.33381500000000003
532,2018-07-03 09:37:44,0.325374
533,2018-07-03 09:37:47,0.33065
534,2018-07-03 09:37:50,0.0
535,2018-07-03 09:37:53,0.278355
536,2018-07-03 09:37:56,0.274465
537,2018-07-03 09:37:59,0.43372299999999997
538,2018-07-03 09:38:02,0.0
539,2018-07-03 09:38:05,0.32544
540,2018-07-03 09:38:08,0.0
541,2018-07-03 09:38:11,0.324517
542,2018-07-03 09:38:14,0.0
543,2018-07-03 09:38:17,221.171677
544,2018-07-03 09:38:20,65.106791
545,2018-07-03 09:38:24,0.316867
546,2018-07-03 09:38:28,0.303546
547,2018-07-03 09:38:30,0.0
548,2018-07-03 09:38:33,0.27571799999999996
549,2018-07-03 09:38:36,0.350829
550,2018-07-03 09:38:39,0.35749000000000003
551,2018-07-03 09:38:42,0.0
552,2018-07-03 09:38:45,0.324781
553,2018-07-03 09:38:48,0.0
554,2018-07-03 09:38:51,0.390462
555,2018-07-03 09:38:54,0.30136999999999997
556,2018-07-03 09:38:57,0.312977
557,2018-07-03 09:39:00,0.35129099999999996
558,2018-07-03 09:39:03,0.330056
559,2018-07-03 09:39:06,0.304602
560,2018-07-03 09:39:10,0.288049
561,2018-07-03 09:39:13,0.302557
562,2018-07-03 09:39:16,0.0
563,2018-07-03 09:39:22,0.27519
564,2018-07-03 09:39:25,0.357754
565,2018-07-03 09:39:28,0.313768
566,2018-07-03 09:39:31,0.28218000000000004
567,2018-07-03 09:39:34,0.330716
568,2018-07-03 09:39:37,0.0
569,2018-07-03 09:39:40,42.306977
570,2018-07-03 09:39:43,0.0
571,2018-07-03 09:39:47,0.296095
572,2018-07-03 09:39:50,0.299458
573,2018-07-03 09:39:53,0.274267
574,2018-07-03 09:39:56,0.344499
575,2018-07-03 09:39:59,0.382417
576,2018-07-03 09:40:02,0.32405500000000004
577,2018-07-03 09:40:05,0.33381500000000003
578,2018-07-03 09:40:08,0.3108
579,2018-07-03 09:40:11,0.30084299999999997
580,2018-07-03 09:40:14,0.289566
581,2018-07-03 09:40:17,0.0
582,2018-07-03 09:40:20,242.82028300000002
583,2018-07-03 09:40:23,0.0
584,2018-07-03 09:40:26,0.380768
585,2018-07-03 09:40:30,0.0
586,2018-07-03 09:40:36,0.282312
587,2018-07-03 09:40:39,0.32471500000000003
588,2018-07-03 09:40:42,0.28442199999999995
589,2018-07-03 09:40:45,0.344499
590,2018-07-03 09:40:48,0.27308000000000004
591,2018-07-03 09:40:51,0.318912
592,2018-07-03 09:40:54,0.273739
593,2018-07-03 09:40:57,0.338893
594,2018-07-03 09:41:00,0.31851599999999997
595,2018-07-03 09:41:03,0.0
596,2018-07-03 09:41:06,0.28079499999999996
597,2018-07-03 09:41:09,0.303085
598,2018-07-03 09:41:13,0.319176
599,2018-07-03 09:41:16,185.37020900000002
600,2018-07-03 09:41:19,112.05216599999999
601,2018-07-03 09:41:22,0.33322199999999996
602,2018-07-03 09:41:25,0.0
603,2018-07-03 09:41:31,0.343048
604,2018-07-03 09:41:34,0.329133
605,2018-07-03 09:41:37,0.0
606,2018-07-03 09:41:40,0.32642899999999997
607,2018-07-03 09:41:43,0.0
608,2018-07-03 09:41:46,0.393232
609,2018-07-03 09:41:49,0.397255
610,2018-07-03 09:41:53,0.311922
611,2018-07-03 09:41:56,0.355775
612,2018-07-03 09:41:59,0.317659
613,2018-07-03 09:42:02,0.301568
614,2018-07-03 09:42:05,0.282114
615,2018-07-03 09:42:08,0.297545
616,2018-07-03 09:42:11,0.0
617,2018-07-03 09:42:14,0.384791
618,2018-07-03 09:42:17,0.358875
619,2018-07-03 09:42:20,0.340806
620,2018-07-03 09:42:23,0.300117
621,2018-07-03 09:42:26,0.592915
622,2018-07-03 09:42:29,216.252483
623,2018-07-03 09:42:33,0.395804
624,2018-07-03 09:42:36,0.32821
625,2018-07-03 09:42:39,0.3596
626,2018-07-03 09:42:42,0.0
627,2018-07-03 09:42:45,0.29161
628,2018-07-03 09:42:48,0.373844
629,2018-07-03 09:42:51,0.316076
630,2018-07-03 09:42:54,0.351621
631,2018-07-03 09:42:57,0.363689
632,2018-07-03 09:43:00,0.382285
633,2018-07-03 09:43:05,0.291017
634,2018-07-03 09:43:07,0.283037
635,2018-07-03 09:43:10,0.0
636,2018-07-03 09:43:16,0.330782
637,2018-07-03 09:43:19,0.29438000000000003
638,2018-07-03 09:43:22,0.275981
639,2018-07-03 09:43:25,0.0
640,2018-07-03 09:43:28,0.274992
641,2018-07-03 09:43:31,0.37456999999999996
642,2018-07-03 09:43:34,0.27670700000000004
643,2018-07-03 09:43:37,82.975542
644,2018-07-03 09:43:40,1.569763
645,2018-07-03 09:43:44,239.84984
646,2018-07-03 09:43:47,0.314823
647,2018-07-03 09:43:50,0.332365
648,2018-07-03 09:43:53,0.342454
649,2018-07-03 09:43:56,0.0
650,2018-07-03 09:43:59,0.370679
651,2018-07-03 09:44:02,0.0
652,2018-07-03 09:44:05,0.32155
653,2018-07-03 09:44:08,0.326364
654,2018-07-03 09:44:11,0.377999
655,2018-07-03 09:44:14,0.30948200000000003
656,2018-07-03 09:44:17,0.312515
657,2018-07-03 09:44:20,0.0
658,2018-07-03 09:44:24,0.2926
659,2018-07-03 09:44:27,0.0
660,2018-07-03 09:44:30,0.387033
661,2018-07-03 09:44:33,0.304338
662,2018-07-03 09:44:36,0.0
663,2018-07-03 09:44:39,0.30935
664,2018-07-03 09:44:42,0.338102
665,2018-07-03 09:44:45,0.28495
666,2018-07-03 09:44:48,0.334343
667,2018-07-03 09:44:51,0.347928
668,2018-07-03 09:44:54,0.28007
669,2018-07-03 09:44:57,0.275586
670,2018-07-03 09:45:00,215.093032
671,2018-07-03 09:45:04,59.809928
672,2018-07-03 09:45:07,0.0
673,2018-07-03 09:45:10,0.287522
674,2018-07-03 09:45:13,0.285675
675,2018-07-03 09:45:16,0.373712
676,2018-07-03 09:45:19,0.0
677,2018-07-03 09:45:22,0.317725
678,2018-07-03 09:45:25,0.0
679,2018-07-03 09:45:28,0.313438
680,2018-07-03 09:45:31,0.27387100000000003
681,2018-07-03 09:45:34,0.0
682,2018-07-03 09:45:43,0.337376
683,2018-07-03 09:45:47,0.28429
684,2018-07-03 09:45:50,0.30288699999999996
685,2018-07-03 09:45:53,32.342634000000004
686,2018-07-03 09:45:56,62.936991000000006
687,2018-07-03 09:46:00,0.344894
688,2018-07-03 09:46:02,0.33777199999999996
689,2018-07-03 09:46:05,0.30044699999999996
690,2018-07-03 09:46:08,0.31950500000000004
691,2018-07-03 09:46:11,0.334079
692,2018-07-03 09:46:14,0.331375
693,2018-07-03 09:46:17,0.0
694,2018-07-03 09:46:27,0.282972
695,2018-07-03 09:46:30,0.0
696,2018-07-03 09:46:36,0.296095
697,2018-07-03 09:46:39,0.36177600000000004
698,2018-07-03 09:46:42,0.290621
699,2018-07-03 09:46:45,0.0
700,2018-07-03 09:46:48,0.289236
701,2018-07-03 09:46:51,0.314823
702,2018-07-03 09:46:54,0.385648
703,2018-07-03 09:46:57,0.33117800000000003
704,2018-07-03 09:47:00,0.0
705,2018-07-03 09:47:03,0.272948
706,2018-07-03 09:47:06,13.897521
707,2018-07-03 09:47:10,163.581271
708,2018-07-03 09:47:13,0.338893
709,2018-07-03 09:47:16,0.36171
710,2018-07-03 09:47:19,0.0
711,2018-07-03 09:47:22,0.336783
712,2018-07-03 09:47:25,0.0
713,2018-07-03 09:47:28,0.321418
714,2018-07-03 09:47:31,0.295105
715,2018-07-03 09:47:34,0.281455
716,2018-07-03 09:47:37,0.342586
717,2018-07-03 09:47:40,0.28910399999999997
718,2018-07-03 09:47:43,0.281323
719,2018-07-03 09:47:46,0.0
720,2018-07-03 09:47:50,0.381296
721,2018-07-03 09:47:53,0.30090900000000004
722,2018-07-03 09:47:56,0.0
723,2018-07-03 09:47:59,0.321484
724,2018-07-03 09:48:02,0.346873
725,2018-07-03 09:48:05,0.372525
726,2018-07-03 09:48:08,0.309613
727,2018-07-03 09:48:11,0.34278400000000003
728,2018-07-03 09:48:14,0.310734
729,2018-07-03 09:48:17,0.34575100000000003
730,2018-07-03 09:48:20,0.32445100000000004
731,2018-07-03 09:48:23,0.299656
732,2018-07-03 09:48:26,0.28178400000000003
733,2018-07-03 09:48:29,0.348587
734,2018-07-03 09:48:33,0.352412
735,2018-07-03 09:48:36,82.9793
736,2018-07-03 09:48:39,0.532047
737,2018-07-03 09:48:44,82.855719
738,2018-07-03 09:48:47,0.38822
739,2018-07-03 09:48:48,0.0
740,2018-07-03 09:48:57,0.300051
741,2018-07-03 09:49:00,0.277102
742,2018-07-03 09:49:03,0.0
743,2018-07-03 09:49:06,0.297545
744,2018-07-03 09:49:09,0.290819
745,2018-07-03 09:49:13,0.295699
746,2018-07-03 09:49:17,0.416049
747,2018-07-03 09:49:19,0.0
748,2018-07-03 09:49:22,0.355248
749,2018-07-03 09:49:25,0.0
750,2018-07-03 09:49:28,0.334936
751,2018-07-03 09:49:31,0.292006
752,2018-07-03 09:49:34,0.315021
753,2018-07-03 09:49:37,0.27050799999999997
754,2018-07-03 09:49:40,0.342124
755,2018-07-03 09:49:43,62.571126
756,2018-07-03 09:49:50,236.60447200000002
757,2018-07-03 09:49:53,0.0
758,2018-07-03 09:49:56,0.285016
759,2018-07-03 09:49:59,0.0
760,2018-07-03 09:50:02,0.301106
761,2018-07-03 09:50:05,0.27763000000000004
762,2018-07-03 09:50:08,0.290028
763,2018-07-03 09:50:11,0.0
764,2018-07-03 09:50:14,0.30717300000000003
765,2018-07-03 09:50:17,0.343971
766,2018-07-03 09:50:20,0.29715
767,2018-07-03 09:50:23,0.28791700000000003
768,2018-07-03 09:50:26,0.409718
769,2018-07-03 09:50:29,0.360128
770,2018-07-03 09:50:33,0.302491
771,2018-07-03 09:50:36,0.282378
772,2018-07-03 09:50:39,0.29161
773,2018-07-03 09:50:42,0.35221399999999997
774,2018-07-03 09:50:45,0.314098
775,2018-07-03 09:50:48,0.292863
776,2018-07-03 09:50:51,0.29312699999999997
777,2018-07-03 09:50:54,0.281323
778,2018-07-03 09:50:57,81.36753
779,2018-07-03 09:51:00,0.345488
780,2018-07-03 09:51:03,0.0
781,2018-07-03 09:51:09,0.278685
782,2018-07-03 09:51:12,0.0
783,2018-07-03 09:51:19,0.327946
784,2018-07-03 09:51:22,0.0
785,2018-07-03 09:51:28,0.380768
786,2018-07-03 09:51:31,0.290687
787,2018-07-03 09:51:34,0.34608099999999997
788,2018-07-03 09:51:37,0.367052
789,2018-07-03 09:51:40,0.0
790,2018-07-03 09:52:39,0.29016
791,2018-07-03 09:52:42,0.0
792,2018-07-03 10:00:00,0.0
793,2018-07-03 10:14:45,0.271497
794,2018-07-03 10:14:48,0.0
795,2018-07-03 10:15:28,0.27077199999999996
796,2018-07-03 10:15:31,0.0
797,2018-07-03 10:36:22,0.287654
798,2018-07-03 10:36:25,0.0
799,2018-07-03 10:40:22,0.312977
800,2018-07-03 10:40:25,0.0
801,2018-07-03 10:52:52,0.278685
802,2018-07-03 10:52:55,0.0
803,2018-07-03 11:00:00,0.0
804,2018-07-03 11:02:12,0.293984
805,2018-07-03 11:02:15,0.0
806,2018-07-03 11:03:41,1134.601456
807,2018-07-03 11:03:46,1135.5338570000001
808,2018-07-03 11:03:47,1134.956506
809,2018-07-03 11:03:50,1134.299426
810,2018-07-03 11:03:53,587.1869780000002
811,2018-07-03 11:03:56,0.0
812,2018-07-03 11:03:59,0.271959
813,2018-07-03 11:04:04,0.8202940000000001
814,2018-07-03 11:04:05,44.040614
815,2018-07-03 11:04:09,70.629648
816,2018-07-03 11:04:12,1061.13075
817,2018-07-03 11:04:15,46.723469
818,2018-07-03 11:04:18,370.778666
819,2018-07-03 11:04:21,402.705317
820,2018-07-03 11:04:24,92.411266
821,2018-07-03 11:04:27,830.129457
822,2018-07-03 11:04:30,19.080298000000006
823,2018-07-03 11:04:33,354.677712
824,2018-07-03 11:04:36,0.379581
825,2018-07-03 11:04:39,0.293655
826,2018-07-03 11:04:42,0.397123
827,2018-07-03 11:04:45,242.75750299999999
828,2018-07-03 11:04:49,15.087636999999999
829,2018-07-03 11:04:52,0.286664
830,2018-07-03 11:04:55,0.290819
831,2018-07-03 11:04:58,0.279279
832,2018-07-03 11:05:01,0.366195
833,2018-07-03 11:05:04,0.0
834,2018-07-03 11:05:10,0.298732
835,2018-07-03 11:05:13,0.34139899999999995
836,2018-07-03 11:05:16,0.0
837,2018-07-03 11:05:22,243.679946
838,2018-07-03 11:05:26,0.309152
839,2018-07-03 11:05:29,0.0
840,2018-07-03 11:05:35,0.36362300000000003
841,2018-07-03 11:05:38,0.310866
842,2018-07-03 11:05:41,0.0
843,2018-07-03 11:05:47,359.419513
844,2018-07-03 11:05:50,0.283763
845,2018-07-03 11:05:53,0.28119099999999997
846,2018-07-03 11:05:56,0.28673000000000004
847,2018-07-03 11:05:59,0.0
848,2018-07-03 11:06:06,0.320494
849,2018-07-03 11:06:09,0.297282
850,2018-07-03 11:06:12,0.270442
851,2018-07-03 11:06:15,0.282048
852,2018-07-03 11:06:18,0.394617
853,2018-07-03 11:06:21,0.290885
854,2018-07-03 11:06:24,0.278026
855,2018-07-03 11:06:27,0.342586
856,2018-07-03 11:06:30,0.373119
857,2018-07-03 11:06:34,0.289962
858,2018-07-03 11:06:36,0.324913
859,2018-07-03 11:06:39,0.293325
860,2018-07-03 11:06:42,0.291742
861,2018-07-03 11:06:45,0.0
862,2018-07-03 11:06:49,0.310471
863,2018-07-03 11:06:52,93.052651
864,2018-07-03 11:06:55,42.107031
865,2018-07-03 11:06:58,0.0
866,2018-07-03 11:07:01,0.278223
867,2018-07-03 11:07:04,0.273343
868,2018-07-03 11:07:07,0.28574099999999997
869,2018-07-03 11:07:10,0.342059
870,2018-07-03 11:07:13,0.356567
871,2018-07-03 11:07:16,0.296095
872,2018-07-03 11:07:19,4.152513
873,2018-07-03 11:07:22,83.323799
874,2018-07-03 11:07:25,217.452425
875,2018-07-03 11:07:28,0.0
876,2018-07-03 11:07:35,0.294842
877,2018-07-03 11:07:38,0.31811999999999996
878,2018-07-03 11:07:41,0.281323
879,2018-07-03 11:07:44,0.312581
880,2018-07-03 11:07:47,0.283697
881,2018-07-03 11:07:50,0.0
882,2018-07-03 11:07:56,0.274399
883,2018-07-03 11:07:59,0.0
884,2018-07-03 11:08:02,0.322473
885,2018-07-03 11:08:05,0.0
886,2018-07-03 11:08:12,0.328474
887,2018-07-03 11:08:15,38.088057
888,2018-07-03 11:08:18,0.0
889,2018-07-03 11:08:21,236.76801600000002
890,2018-07-03 11:08:24,0.31455900000000003
891,2018-07-03 11:08:27,0.0
892,2018-07-03 11:08:30,0.27960799999999997
893,2018-07-03 11:08:33,0.273673
894,2018-07-03 11:08:36,0.0
895,2018-07-03 11:08:39,0.291281
896,2018-07-03 11:08:42,0.335332
897,2018-07-03 11:08:45,0.310603
898,2018-07-03 11:08:48,0.0
899,2018-07-03 11:08:51,0.359666
900,2018-07-03 11:08:55,0.0
901,2018-07-03 11:08:58,1.482715
902,2018-07-03 11:09:01,0.0
903,2018-07-03 11:09:04,157.937799
904,2018-07-03 11:09:07,0.352742
905,2018-07-03 11:09:10,0.315219
906,2018-07-03 11:09:13,0.306778
907,2018-07-03 11:09:16,0.0
908,2018-07-03 11:09:19,0.323726
909,2018-07-03 11:09:22,0.318714
910,2018-07-03 11:09:25,0.342916
911,2018-07-03 11:09:28,0.0
912,2018-07-03 11:09:31,0.302623
913,2018-07-03 11:09:34,0.311592
914,2018-07-03 11:09:38,0.277762
915,2018-07-03 11:09:41,0.0
916,2018-07-03 11:09:44,0.368898
917,2018-07-03 11:09:47,0.301106
918,2018-07-03 11:09:50,183.104722
919,2018-07-03 11:09:53,123.34722
920,2018-07-03 11:09:56,0.0
921,2018-07-03 11:10:02,0.384395
922,2018-07-03 11:10:05,0.38096599999999997
923,2018-07-03 11:10:08,0.316208
924,2018-07-03 11:10:12,0.293589
925,2018-07-03 11:10:15,0.288181
926,2018-07-03 11:10:18,0.0
927,2018-07-03 11:10:24,0.280466
928,2018-07-03 11:10:27,0.0
929,2018-07-03 11:10:30,0.307965
930,2018-07-03 11:10:33,0.332892
931,2018-07-03 11:10:37,0.311922
932,2018-07-03 11:10:40,0.28277399999999997
933,2018-07-03 11:10:43,0.382681
934,2018-07-03 11:10:46,0.350236
935,2018-07-03 11:10:49,0.30783299999999997
936,2018-07-03 11:10:52,0.0
937,2018-07-03 11:10:55,0.519122
938,2018-07-03 11:10:58,235.20616600000002
939,2018-07-03 11:11:01,0.27941
940,2018-07-03 11:11:05,0.28125700000000003
941,2018-07-03 11:11:08,0.346147
942,2018-07-03 11:11:11,0.273212
943,2018-07-03 11:11:14,0.289698
944,2018-07-03 11:11:17,0.0
945,2018-07-03 11:11:20,0.282972
946,2018-07-03 11:11:23,0.296292
947,2018-07-03 11:11:27,0.30585500000000004
948,2018-07-03 11:11:30,0.0
949,2018-07-03 11:11:36,0.313109
950,2018-07-03 11:11:39,0.297875
951,2018-07-03 11:11:42,0.374767
952,2018-07-03 11:11:45,0.0
953,2018-07-03 11:11:51,6.838731
954,2018-07-03 11:11:55,190.9143
955,2018-07-03 11:11:58,0.279674
956,2018-07-03 11:12:01,0.334277
957,2018-07-03 11:12:04,0.292138
958,2018-07-03 11:12:07,0.294182
959,2018-07-03 11:12:10,0.32306599999999996
960,2018-07-03 11:12:13,0.0
961,2018-07-03 11:12:16,0.308954
962,2018-07-03 11:12:19,0.0
963,2018-07-03 11:12:22,0.340212
964,2018-07-03 11:12:25,0.0
965,2018-07-03 11:12:28,0.297479
966,2018-07-03 11:12:32,0.0
967,2018-07-03 11:12:38,0.306712
968,2018-07-03 11:12:41,0.0
969,2018-07-03 11:12:44,0.282708
970,2018-07-03 11:12:47,0.364744
971,2018-07-03 11:12:50,0.0
972,2018-07-03 11:12:56,248.40822799999998
973,2018-07-03 11:12:59,0.40022199999999997
974,2018-07-03 11:13:02,0.0
975,2018-07-03 11:13:05,0.30203
976,2018-07-03 11:13:09,0.0
977,2018-07-03 11:13:12,0.377999
978,2018-07-03 11:13:15,0.33586
979,2018-07-03 11:13:18,0.27697
980,2018-07-03 11:13:21,0.329463
981,2018-07-03 11:13:24,0.0
982,2018-07-03 11:13:27,0.281982
983,2018-07-03 11:13:30,0.331375
984,2018-07-03 11:13:33,0.315021
985,2018-07-03 11:13:36,0.287588
986,2018-07-03 11:13:39,0.0
987,2018-07-03 11:13:42,0.313372
988,2018-07-03 11:13:46,0.290687
989,2018-07-03 11:13:49,0.0
990,2018-07-03 11:13:52,0.294182
991,2018-07-03 11:13:55,0.0
992,2018-07-03 11:13:58,0.30842600000000003
993,2018-07-03 11:14:01,75.393738
994,2018-07-03 11:14:04,150.481029
995,2018-07-03 11:14:08,0.271167
996,2018-07-03 11:14:11,0.292468
997,2018-07-03 11:14:14,0.319967
998,2018-07-03 11:14:17,0.407674
999,2018-07-03 11:14:20,0.346873
1000,2018-07-03 11:14:23,0.0
1001,2018-07-03 11:14:29,0.291478
1002,2018-07-03 11:14:32,0.31066900000000003
1003,2018-07-03 11:14:36,0.0
1004,2018-07-03 11:14:39,236.43156299999998
1005,2018-07-03 11:14:42,0.658069
1006,2018-07-03 11:14:45,0.325572
1007,2018-07-03 11:14:48,0.28732399999999997
1008,2018-07-03 11:14:51,0.0
1009,2018-07-03 11:14:57,0.30809699999999995
1010,2018-07-03 11:15:00,0.311526
1011,2018-07-03 11:15:03,0.0
1012,2018-07-03 11:15:13,0.284884
1013,2018-07-03 11:15:16,0.27228800000000003
1014,2018-07-03 11:15:19,0.0
1015,2018-07-03 11:15:25,0.27103499999999997
1016,2018-07-03 11:15:28,0.368371
1017,2018-07-03 11:15:31,0.0
1018,2018-07-03 11:15:37,0.295369
1019,2018-07-03 11:15:40,0.0
1020,2018-07-03 11:15:47,0.379186
1021,2018-07-03 11:15:50,0.439921
1022,2018-07-03 11:15:53,236.520985
1023,2018-07-03 11:15:56,0.438537
1024,2018-07-03 11:15:59,0.29141300000000003
1025,2018-07-03 11:16:02,0.0
1026,2018-07-03 11:16:05,0.306052
1027,2018-07-03 11:16:08,0.325572
1028,2018-07-03 11:16:12,0.0
1029,2018-07-03 11:16:15,0.286664
1030,2018-07-03 11:16:18,0.0
1031,2018-07-03 11:16:21,0.354852
1032,2018-07-03 11:16:24,0.287983
1033,2018-07-03 11:16:27,0.275388
1034,2018-07-03 11:16:30,0.0
1035,2018-07-03 11:16:34,0.347136
1036,2018-07-03 11:16:37,0.0
1037,2018-07-03 11:16:40,0.30585500000000004
1038,2018-07-03 11:16:43,0.339619
1039,2018-07-03 11:16:46,0.270244
1040,2018-07-03 11:16:49,0.32299999999999995
1041,2018-07-03 11:16:52,0.32352800000000004
1042,2018-07-03 11:16:55,0.28917
1043,2018-07-03 11:16:59,0.0
1044,2018-07-03 11:17:02,0.32926500000000003
1045,2018-07-03 11:17:05,0.0
1046,2018-07-03 11:17:14,247.214683
1047,2018-07-03 11:17:17,3.553136
1048,2018-07-03 11:17:20,0.306118
1049,2018-07-03 11:17:23,0.273673
1050,2018-07-03 11:17:26,0.0
1051,2018-07-03 11:17:39,0.34008
1052,2018-07-03 11:17:42,0.0
1053,2018-07-03 11:17:45,0.339816
1054,2018-07-03 11:17:48,0.279542
1055,2018-07-03 11:17:51,0.286599
1056,2018-07-03 11:17:54,0.308295
1057,2018-07-03 11:17:57,0.340542
1058,2018-07-03 11:18:00,0.0
1059,2018-07-03 11:18:03,0.30051300000000003
1060,2018-07-03 11:18:06,0.274069
1061,2018-07-03 11:18:09,0.405762
1062,2018-07-03 11:18:13,0.272948
1063,2018-07-03 11:18:16,0.0
1064,2018-07-03 11:18:19,0.346213
1065,2018-07-03 11:18:22,0.0
1066,2018-07-03 11:18:25,0.293259
1067,2018-07-03 11:18:28,0.296161
1068,2018-07-03 11:18:31,1.488189
1069,2018-07-03 11:18:34,227.586577
1070,2018-07-03 11:18:37,0.0
1071,2018-07-03 11:18:40,0.276773
1072,2018-07-03 11:18:44,0.0
1073,2018-07-03 11:18:50,0.28772
1074,2018-07-03 11:18:53,0.360194
1075,2018-07-03 11:18:56,0.0
1076,2018-07-03 11:19:02,0.348983
1077,2018-07-03 11:19:05,0.315944
1078,2018-07-03 11:19:08,0.28119099999999997
1079,2018-07-03 11:19:11,0.0
1080,2018-07-03 11:19:14,0.303217
1081,2018-07-03 11:19:18,0.0
1082,2018-07-03 11:19:21,0.27815700000000004
1083,2018-07-03 11:19:24,0.310734
1084,2018-07-03 11:19:27,0.307042
1085,2018-07-03 11:19:30,0.310866
1086,2018-07-03 11:19:33,0.329463
1087,2018-07-03 11:19:36,0.0
1088,2018-07-03 11:19:39,0.276179
1089,2018-07-03 11:19:42,0.485753
1090,2018-07-03 11:19:45,0.338827
1091,2018-07-03 11:19:48,0.0
1092,2018-07-03 11:19:52,0.326034
1093,2018-07-03 11:19:55,0.283631
1094,2018-07-03 11:19:58,0.370151
1095,2018-07-03 11:20:01,0.281982
1096,2018-07-03 11:20:04,0.0
1097,2018-07-03 11:20:07,0.328474
1098,2018-07-03 11:20:10,0.345158
1099,2018-07-03 11:20:13,0.31403200000000003
1100,2018-07-03 11:20:16,0.33203499999999997
1101,2018-07-03 11:20:19,0.0
1102,2018-07-03 11:20:22,0.299919
1103,2018-07-03 11:20:25,0.0
1104,2018-07-03 11:20:38,0.43187600000000004
1105,2018-07-03 11:20:41,81.635334
1106,2018-07-03 11:20:44,38.313392
1107,2018-07-03 11:20:47,0.30044699999999996
1108,2018-07-03 11:20:50,0.374372
1109,2018-07-03 11:20:53,0.30591999999999997
1110,2018-07-03 11:20:56,0.0
1111,2018-07-03 11:20:59,0.34674099999999997
1112,2018-07-03 11:21:02,0.290555
1113,2018-07-03 11:21:05,0.0
1114,2018-07-03 11:21:08,0.334805
1115,2018-07-03 11:21:11,0.27664099999999997
1116,2018-07-03 11:21:15,0.292863
1117,2018-07-03 11:21:18,0.368569
1118,2018-07-03 11:21:21,0.286467
1119,2018-07-03 11:21:24,0.31317399999999995
1120,2018-07-03 11:21:27,0.0
1121,2018-07-03 11:21:33,0.368569
1122,2018-07-03 11:21:36,0.279938
1123,2018-07-03 11:21:39,0.355775
1124,2018-07-03 11:21:42,236.234518
1125,2018-07-03 11:21:45,0.27519
1126,2018-07-03 11:21:48,0.30625
1127,2018-07-03 11:21:51,0.0
1128,2018-07-03 11:22:01,0.334805
1129,2018-07-03 11:22:04,0.0
1130,2018-07-03 11:22:07,0.27209099999999997
1131,2018-07-03 11:22:10,0.0
1132,2018-07-03 11:22:13,0.30288699999999996
1133,2018-07-03 11:22:16,0.0
1134,2018-07-03 11:22:22,0.30328299999999997
1135,2018-07-03 11:22:25,0.37635
1136,2018-07-03 11:22:28,0.362304
1137,2018-07-03 11:22:31,0.0
1138,2018-07-03 11:22:38,247.836812
1139,2018-07-03 11:22:41,0.30044699999999996
1140,2018-07-03 11:22:44,0.0
1141,2018-07-03 11:22:47,0.294446
1142,2018-07-03 11:22:50,0.0
1143,2018-07-03 11:22:53,0.355577
1144,2018-07-03 11:22:56,0.298666
1145,2018-07-03 11:22:59,0.312977
1146,2018-07-03 11:23:02,0.286401
1147,2018-07-03 11:23:05,0.0
1148,2018-07-03 11:23:08,0.310075
1149,2018-07-03 11:23:11,0.0
1150,2018-07-03 11:23:14,79.75945300000002
1151,2018-07-03 11:23:17,89.692603
1152,2018-07-03 11:23:21,0.272552
1153,2018-07-03 11:23:24,0.368832
1154,2018-07-03 11:23:27,0.0
1155,2018-07-03 11:23:30,0.343575
1156,2018-07-03 11:23:33,0.384395
1157,2018-07-03 11:23:36,0.35834699999999997
1158,2018-07-03 11:23:39,0.388154
1159,2018-07-03 11:23:42,0.34865300000000005
1160,2018-07-03 11:23:45,0.310998
1161,2018-07-03 11:23:48,0.0
1162,2018-07-03 11:24:01,2.909839
1163,2018-07-03 11:24:04,81.268612
1164,2018-07-03 11:24:07,0.273278
1165,2018-07-03 11:24:10,0.317923
1166,2018-07-03 11:24:13,0.293655
1167,2018-07-03 11:24:16,0.343377
1168,2018-07-03 11:24:19,0.307569
1169,2018-07-03 11:24:22,0.324979
1170,2018-07-03 11:24:25,0.36540300000000003
1171,2018-07-03 11:24:28,0.276443
1172,2018-07-03 11:24:31,0.0
1173,2018-07-03 11:24:38,0.271827
1174,2018-07-03 11:24:41,0.0
1175,2018-07-03 11:24:44,0.31179
1176,2018-07-03 11:24:47,0.321286
1177,2018-07-03 11:24:50,0.0
1178,2018-07-03 11:24:53,0.33823400000000003
1179,2018-07-03 11:24:56,0.0
1180,2018-07-03 11:24:59,0.277102
1181,2018-07-03 11:25:02,8.51493
1182,2018-07-03 11:25:05,248.188366
1183,2018-07-03 11:25:08,0.28079499999999996
1184,2018-07-03 11:25:11,0.371338
1185,2018-07-03 11:25:14,0.315219
1186,2018-07-03 11:25:17,0.0
1187,2018-07-03 11:25:21,0.381824
1188,2018-07-03 11:25:24,0.280861
1189,2018-07-03 11:25:27,0.378394
1190,2018-07-03 11:25:30,0.352412
1191,2018-07-03 11:25:33,0.345026
1192,2018-07-03 11:25:36,0.273409
1193,2018-07-03 11:25:39,0.344696
1194,2018-07-03 11:25:42,0.342454
1195,2018-07-03 11:25:45,0.341069
1196,2018-07-03 11:25:48,0.348587
1197,2018-07-03 11:25:51,0.291215
1198,2018-07-03 11:25:54,0.298271
1199,2018-07-03 11:25:57,0.0
1200,2018-07-03 11:26:04,0.7928609999999999
1201,2018-07-03 11:26:07,0.30598600000000004
1202,2018-07-03 11:26:10,0.270574
1203,2018-07-03 11:26:13,0.281389
1204,2018-07-03 11:26:16,0.0
1205,2018-07-03 11:26:19,0.302162
1206,2018-07-03 11:26:22,0.32445100000000004
1207,2018-07-03 11:26:25,0.299722
1208,2018-07-03 11:26:28,0.325572
1209,2018-07-03 11:26:31,2.85029
1210,2018-07-03 11:26:34,0.291478
1211,2018-07-03 11:26:37,0.36487600000000003
1212,2018-07-03 11:26:40,0.310866
1213,2018-07-03 11:26:43,0.318252
1214,2018-07-03 11:26:47,0.39263899999999996
1215,2018-07-03 11:26:50,0.0
1216,2018-07-03 11:26:53,0.429634
1217,2018-07-03 11:26:56,0.302359
1218,2018-07-03 11:26:59,0.283631
1219,2018-07-03 11:27:02,0.319769
1220,2018-07-03 11:27:05,0.0
1221,2018-07-03 11:27:08,0.360589
1222,2018-07-03 11:27:11,0.30288699999999996
1223,2018-07-03 11:27:14,0.347004
1224,2018-07-03 11:27:17,0.0
1225,2018-07-03 11:27:20,0.33724499999999996
1226,2018-07-03 11:27:23,0.44368
1227,2018-07-03 11:27:27,0.288577
1228,2018-07-03 11:27:30,0.332233
1229,2018-07-03 11:27:33,0.324121
1230,2018-07-03 11:27:36,0.0
1231,2018-07-03 11:27:39,236.342339
1232,2018-07-03 11:27:42,0.0
1233,2018-07-03 11:27:51,0.345356
1234,2018-07-03 11:27:54,0.0
1235,2018-07-03 11:27:57,0.358281
1236,2018-07-03 11:28:00,0.339882
1237,2018-07-03 11:28:03,0.0
1238,2018-07-03 11:28:07,0.309811
1239,2018-07-03 11:28:10,0.380373
1240,2018-07-03 11:28:13,0.274728
1241,2018-07-03 11:28:16,0.298469
1242,2018-07-03 11:28:19,0.30717300000000003
1243,2018-07-03 11:28:22,0.27505799999999997
1244,2018-07-03 11:28:25,0.334343
1245,2018-07-03 11:28:28,0.0
1246,2018-07-03 11:28:31,0.350763
1247,2018-07-03 11:28:34,0.0
1248,2018-07-03 11:28:37,0.30084299999999997
1249,2018-07-03 11:28:40,0.34562
1250,2018-07-03 11:28:43,0.292863
1251,2018-07-03 11:28:47,0.27974
1252,2018-07-03 11:28:50,9.446606
1253,2018-07-03 11:28:53,0.30380999999999997
1254,2018-07-03 11:28:56,0.0
1255,2018-07-03 11:28:59,0.337047
1256,2018-07-03 11:29:02,0.30591999999999997
1257,2018-07-03 11:29:05,0.0
1258,2018-07-03 11:29:14,0.389275
1259,2018-07-03 11:29:17,0.0
1260,2018-07-03 11:29:20,0.292534
1261,2018-07-03 11:29:23,0.299062
1262,2018-07-03 11:29:27,0.417566
1263,2018-07-03 11:29:30,5.387471
1264,2018-07-03 11:29:33,201.225054
1265,2018-07-03 11:29:36,0.282642
1266,2018-07-03 11:29:39,0.329397
1267,2018-07-03 11:29:42,0.28791700000000003
1268,2018-07-03 11:29:45,0.331771
1269,2018-07-03 11:29:48,0.39567199999999997
1270,2018-07-03 11:29:51,0.282378
1271,2018-07-03 11:29:54,0.330386
1272,2018-07-03 11:29:57,0.38142800000000004
1273,2018-07-03 11:30:00,0.0
1274,2018-07-03 11:30:03,0.286071
1275,2018-07-03 11:30:07,0.302162
1276,2018-07-03 11:30:10,0.34436700000000003
1277,2018-07-03 11:30:13,0.29312699999999997
1278,2018-07-03 11:30:16,0.0
1279,2018-07-03 11:30:19,0.36817300000000003
1280,2018-07-03 11:30:22,0.0
1281,2018-07-03 11:30:31,0.313636
1282,2018-07-03 11:30:34,0.312779
1283,2018-07-03 11:30:37,0.0
1284,2018-07-03 11:30:40,0.35261
1285,2018-07-03 11:30:43,0.353335
1286,2018-07-03 11:30:47,223.637307
1287,2018-07-03 11:30:50,37.367736
1288,2018-07-03 11:30:53,0.31113
1289,2018-07-03 11:30:56,0.494392
1290,2018-07-03 11:30:59,0.370415
1291,2018-07-03 11:31:02,0.306118
1292,2018-07-03 11:31:05,0.0
1293,2018-07-03 11:31:08,0.316274
1294,2018-07-03 11:31:11,0.0
1295,2018-07-03 11:31:14,0.307701
1296,2018-07-03 11:31:17,0.402926
1297,2018-07-03 11:31:20,0.327419
1298,2018-07-03 11:31:23,0.0
1299,2018-07-03 11:31:39,0.306712
1300,2018-07-03 11:31:42,105.14993
1301,2018-07-03 11:31:45,0.290423
1302,2018-07-03 11:31:48,0.330518
1303,2018-07-03 11:31:51,0.377471
1304,2018-07-03 11:31:54,0.0
1305,2018-07-03 11:31:57,0.303019
1306,2018-07-03 11:32:00,0.281455
1307,2018-07-03 11:32:03,0.303151
1308,2018-07-03 11:32:07,0.361908
1309,2018-07-03 11:32:10,0.0
1310,2018-07-03 11:32:13,0.273937
1311,2018-07-03 11:32:16,0.325968
1312,2018-07-03 11:32:19,0.355973
1313,2018-07-03 11:32:22,0.0
1314,2018-07-03 11:32:25,0.299722
1315,2018-07-03 11:32:28,0.352808
1316,2018-07-03 11:32:31,0.0
1317,2018-07-03 11:32:37,0.292797
1318,2018-07-03 11:32:40,0.276773
1319,2018-07-03 11:32:43,236.276196
1320,2018-07-03 11:32:46,0.0
1321,2018-07-03 11:32:50,0.382483
1322,2018-07-03 11:32:53,0.28673000000000004
1323,2018-07-03 11:32:56,0.0
1324,2018-07-03 11:33:02,0.298535
1325,2018-07-03 11:33:05,0.350302
1326,2018-07-03 11:33:08,0.322802
1327,2018-07-03 11:33:11,0.35228000000000004
1328,2018-07-03 11:33:14,0.356962
1329,2018-07-03 11:33:17,0.335926
1330,2018-07-03 11:33:20,30.695978999999998
1331,2018-07-03 11:33:23,0.310603
1332,2018-07-03 11:33:26,0.33361799999999997
1333,2018-07-03 11:33:29,0.0
1334,2018-07-03 11:33:36,0.333486
1335,2018-07-03 11:33:39,0.0
1336,2018-07-03 11:33:48,0.280861
1337,2018-07-03 11:33:51,0.36197399999999996
1338,2018-07-03 11:33:54,0.33342
1339,2018-07-03 11:33:57,0.0
1340,2018-07-03 11:34:00,0.300975
1341,2018-07-03 11:34:03,0.0
1342,2018-07-03 11:34:09,0.34060799999999997
1343,2018-07-03 11:34:12,150.240658
1344,2018-07-03 11:34:16,159.926184
1345,2018-07-03 11:34:19,0.0
1346,2018-07-03 11:34:22,0.31324
1347,2018-07-03 11:34:25,0.281719
1348,2018-07-03 11:34:28,0.0
1349,2018-07-03 11:34:31,0.333354
1350,2018-07-03 11:34:34,0.28739000000000003
1351,2018-07-03 11:34:37,0.301304
1352,2018-07-03 11:34:40,0.30954699999999996
1353,2018-07-03 11:34:43,0.0
1354,2018-07-03 11:34:49,0.341333
1355,2018-07-03 11:34:53,0.289566
1356,2018-07-03 11:34:56,0.0
1357,2018-07-03 11:34:59,0.308888
1358,2018-07-03 11:35:02,0.305591
1359,2018-07-03 11:35:05,0.0
1360,2018-07-03 11:37:57,0.286071
1361,2018-07-03 11:38:00,0.0
1362,2018-07-03 11:41:23,0.281916
1363,2018-07-03 11:41:26,0.0
1364,2018-07-03 11:58:03,0.275783
1365,2018-07-03 11:58:06,0.0
1366,2018-07-03 12:00:00,0.0
1367,2018-07-03 12:02:09,0.282048
1368,2018-07-03 12:02:12,0.0
1369,2018-07-03 12:27:35,0.327023
1370,2018-07-03 12:27:38,0.0
1371,2018-07-03 12:36:17,0.281916
1372,2018-07-03 12:36:21,0.0
1373,2018-07-03 12:54:29,0.275586
1374,2018-07-03 12:54:32,0.0
1375,2018-07-03 13:00:00,0.0
1376,2018-07-03 13:00:38,0.285346
1377,2018-07-03 13:00:41,0.0
1378,2018-07-03 13:19:20,0.283763
1379,2018-07-03 13:19:24,0.0
1380,2018-07-03 13:20:56,0.298271
1381,2018-07-03 13:20:59,0.0
1382,2018-07-03 14:00:01,0.0
1383,2018-07-03 14:08:20,0.27261799999999997
1384,2018-07-03 14:08:23,0.0
1385,2018-07-03 14:12:57,0.279476
1386,2018-07-03 14:13:00,0.0
1387,2018-07-03 14:46:13,0.312911
1388,2018-07-03 14:46:17,0.0
1389,2018-07-03 15:00:00,0.0
1390,2018-07-03 15:46:40,1136.0300300000001
1391,2018-07-03 15:46:43,1135.843801
1392,2018-07-03 15:46:49,1134.104228
1393,2018-07-03 15:46:52,708.131809
1394,2018-07-03 15:46:55,581.644996
1395,2018-07-03 15:46:58,0.0
1396,2018-07-03 15:47:01,0.29075300000000004
1397,2018-07-03 15:47:04,7.111613
1398,2018-07-03 15:47:07,48.013624
1399,2018-07-03 15:47:10,0.0
1400,2018-07-03 15:47:17,3.52412
1401,2018-07-03 15:47:19,3.52412
1402,2018-07-03 15:47:21,1186.6064880000001
1403,2018-07-03 15:47:23,60.689046
1404,2018-07-03 15:47:26,39.093592
1405,2018-07-03 15:47:29,40.879326
1406,2018-07-03 15:47:32,108.409213
1407,2018-07-03 15:47:35,936.0862279999999
1408,2018-07-03 15:47:38,2.4612119999999997
1409,2018-07-03 15:47:41,366.156754
1410,2018-07-03 15:47:55,208.26327
1411,2018-07-03 15:47:57,77.64142
1412,2018-07-03 15:47:58,77.64142
1413,2018-07-03 15:48:00,0.27308000000000004
1414,2018-07-03 15:48:03,0.0
1415,2018-07-03 15:48:06,0.284356
1416,2018-07-03 15:48:09,0.294446
1417,2018-07-03 15:48:12,0.278092
1418,2018-07-03 15:48:15,0.281125
1419,2018-07-03 15:48:18,0.299392
1420,2018-07-03 15:48:28,0.27908099999999997
1421,2018-07-03 15:48:29,0.27908099999999997
1422,2018-07-03 15:48:30,0.0
1423,2018-07-03 15:48:33,0.296227
1424,2018-07-03 15:48:37,234.861602
1425,2018-07-03 15:48:40,0.721904
1426,2018-07-03 15:48:43,0.345356
1427,2018-07-03 15:48:46,0.32867199999999996
1428,2018-07-03 15:48:49,0.0
1429,2018-07-03 15:48:55,0.324517
1430,2018-07-03 15:48:58,0.274267
1431,2018-07-03 15:49:01,0.0
1432,2018-07-03 15:49:07,2.884713
1433,2018-07-03 15:49:10,100.520896
1434,2018-07-03 15:49:13,47.718782
1435,2018-07-03 15:49:17,0.0
1436,2018-07-03 15:49:20,0.309811
1437,2018-07-03 15:49:23,0.35630300000000004
1438,2018-07-03 15:49:26,0.334475
1439,2018-07-03 15:49:29,0.29075300000000004
1440,2018-07-03 15:49:32,0.29378699999999996
1441,2018-07-03 15:49:35,0.342586
1442,2018-07-03 15:49:38,0.290028
1443,2018-07-03 15:49:41,0.0
1444,2018-07-03 15:49:44,354.478425
1445,2018-07-03 15:49:47,0.501185
1446,2018-07-03 15:49:50,0.30407399999999996
1447,2018-07-03 15:49:53,0.0
1448,2018-07-03 15:49:56,0.319703
1449,2018-07-03 15:50:00,0.28739000000000003
1450,2018-07-03 15:50:03,0.297809
1451,2018-07-03 15:50:06,0.0
1452,2018-07-03 15:50:09,0.39587
1453,2018-07-03 15:50:12,0.0
1454,2018-07-03 15:50:15,0.42851300000000003
1455,2018-07-03 15:50:18,0.27842100000000003
1456,2018-07-03 15:50:21,0.312119
1457,2018-07-03 15:50:24,0.312053
1458,2018-07-03 15:50:27,0.0
1459,2018-07-03 15:50:30,0.292204
1460,2018-07-03 15:50:33,0.0
1461,2018-07-03 15:50:36,0.285016
1462,2018-07-03 15:50:40,0.368898
1463,2018-07-03 15:50:43,341.862948
1464,2018-07-03 15:51:03,0.0
1465,2018-07-03 15:51:04,0.35063099999999997
1466,2018-07-03 15:51:07,0.38888
1467,2018-07-03 15:51:10,0.0
1468,2018-07-03 15:51:19,0.368569
1469,2018-07-03 15:51:22,94.70998900000001
1470,2018-07-03 15:51:26,0.366129
1471,2018-07-03 15:51:29,247.67814700000002
1472,2018-07-03 15:51:32,0.0
1473,2018-07-03 15:51:36,0.33605799999999997
1474,2018-07-03 15:51:38,0.300183
1475,2018-07-03 15:51:41,0.0
1476,2018-07-03 15:51:44,0.278289
1477,2018-07-03 15:51:47,0.289566
1478,2018-07-03 15:51:50,0.308295
1479,2018-07-03 15:51:53,0.0
1480,2018-07-03 15:51:56,0.28125700000000003
1481,2018-07-03 15:51:59,11.583169
1482,2018-07-03 15:52:02,173.249849
1483,2018-07-03 15:52:09,0.356896
1484,2018-07-03 15:52:12,0.0
1485,2018-07-03 15:52:15,0.27486
1486,2018-07-03 15:52:18,0.331046
1487,2018-07-03 15:52:21,0.351159
1488,2018-07-03 15:52:24,0.295105
1489,2018-07-03 15:52:27,0.31000900000000003
1490,2018-07-03 15:52:30,0.0
1491,2018-07-03 15:52:33,11.299077
1492,2018-07-03 15:52:36,0.0
1493,2018-07-03 15:52:39,0.318846
1494,2018-07-03 15:52:42,0.0
1495,2018-07-03 15:52:49,0.282378
1496,2018-07-03 15:52:52,0.278553
1497,2018-07-03 15:52:55,0.321945
1498,2018-07-03 15:52:58,0.420929
1499,2018-07-03 15:53:01,0.333354
1500,2018-07-03 15:53:04,0.341333
1501,2018-07-03 15:53:07,0.290819
1502,2018-07-03 15:53:10,234.51736699999998
1503,2018-07-03 15:53:13,6.524172
1504,2018-07-03 15:53:16,0.387957
1505,2018-07-03 15:53:19,0.299062
1506,2018-07-03 15:53:23,0.30380999999999997
1507,2018-07-03 15:53:26,0.0
1508,2018-07-03 15:53:29,0.364942
1509,2018-07-03 15:53:32,0.0
1510,2018-07-03 15:53:38,0.283499
1511,2018-07-03 15:53:41,0.383274
1512,2018-07-03 15:53:44,0.0
1513,2018-07-03 15:53:47,0.295369
1514,2018-07-03 15:53:50,0.0
1515,2018-07-03 15:53:54,0.333354
1516,2018-07-03 15:53:57,0.370745
1517,2018-07-03 15:54:00,0.301568
1518,2018-07-03 15:54:03,0.30842600000000003
1519,2018-07-03 15:54:06,207.94693
1520,2018-07-03 15:54:09,76.52582199999998
1521,2018-07-03 15:54:12,0.0
1522,2018-07-03 15:54:15,0.338366
1523,2018-07-03 15:54:18,0.32642899999999997
1524,2018-07-03 15:54:21,0.357885
1525,2018-07-03 15:54:24,0.394683
1526,2018-07-03 15:54:27,0.282642
1527,2018-07-03 15:54:30,0.0
1528,2018-07-03 15:54:34,0.360589
1529,2018-07-03 15:54:37,0.338629
1530,2018-07-03 15:54:40,0.329991
1531,2018-07-03 15:54:43,0.0
1532,2018-07-03 15:54:49,0.347202
1533,2018-07-03 15:54:52,0.0
1534,2018-07-03 15:54:55,0.324847
1535,2018-07-03 15:54:58,0.399629
1536,2018-07-03 15:55:01,0.27017800000000003
1537,2018-07-03 15:55:04,0.30506300000000003
1538,2018-07-03 15:55:07,0.0
1539,2018-07-03 15:55:13,235.792421
1540,2018-07-03 15:55:17,2.47328
1541,2018-07-03 15:55:20,0.0
1542,2018-07-03 15:55:23,0.35465399999999997
1543,2018-07-03 15:55:26,0.27103499999999997
1544,2018-07-03 15:55:29,0.276047
1545,2018-07-03 15:55:32,0.0
1546,2018-07-03 15:55:35,0.329463
1547,2018-07-03 15:55:38,0.0
1548,2018-07-03 15:55:47,0.291149
1549,2018-07-03 15:55:50,0.0
1550,2018-07-03 15:56:03,0.328869
1551,2018-07-03 15:56:06,0.37100900000000003
1552,2018-07-03 15:56:09,0.29642399999999997
1553,2018-07-03 15:56:12,0.32009899999999997
1554,2018-07-03 15:56:15,16.625417000000002
1555,2018-07-03 15:56:24,0.288049
1556,2018-07-03 15:56:27,0.35584099999999996
1557,2018-07-03 15:56:30,0.32511100000000004
1558,2018-07-03 15:56:34,0.0
1559,2018-07-03 15:56:40,0.290028
1560,2018-07-03 15:56:43,0.270442
1561,2018-07-03 15:56:46,0.304602
1562,2018-07-03 15:56:49,0.329529
1563,2018-07-03 15:56:52,0.353731
1564,2018-07-03 15:56:55,0.0
1565,2018-07-03 15:56:58,0.35993
1566,2018-07-03 15:57:01,0.0
1567,2018-07-03 15:57:04,0.330254
1568,2018-07-03 15:57:07,0.0
1569,2018-07-03 15:57:10,0.31587800000000005
1570,2018-07-03 15:57:13,0.313306
1571,2018-07-03 15:57:16,94.639032
1572,2018-07-03 15:57:20,0.0
1573,2018-07-03 15:57:32,0.271893
1574,2018-07-03 15:57:35,0.291808
1575,2018-07-03 15:57:38,0.274596
1576,2018-07-03 15:57:41,0.338432
1577,2018-07-03 15:57:44,0.303481
1578,2018-07-03 15:57:47,0.38597800000000004
1579,2018-07-03 15:57:50,0.0
1580,2018-07-03 15:57:53,0.295831
1581,2018-07-03 15:57:56,0.0
1582,2018-07-03 15:58:03,0.33487
1583,2018-07-03 15:58:06,248.19456499999998
1584,2018-07-03 15:58:09,0.297084
1585,2018-07-03 15:58:12,0.27571799999999996
1586,2018-07-03 15:58:15,0.297282
1587,2018-07-03 15:58:18,0.317923
1588,2018-07-03 15:58:21,0.32346199999999997
1589,2018-07-03 15:58:24,0.284884
1590,2018-07-03 15:58:27,0.284356
1591,2018-07-03 15:58:30,0.0
1592,2018-07-03 15:58:33,0.288313
1593,2018-07-03 15:58:36,0.0
1594,2018-07-03 15:58:39,221.64542799999998
1595,2018-07-03 15:58:45,42.125957
1596,2018-07-03 15:58:49,0.0
1597,2018-07-03 15:58:52,0.367645
1598,2018-07-03 15:58:55,0.359072
1599,2018-07-03 15:58:58,0.278685
1600,2018-07-03 15:59:01,0.0
1601,2018-07-03 15:59:04,0.28119099999999997
1602,2018-07-03 15:59:07,0.308229
1603,2018-07-03 15:59:10,0.368305
1604,2018-07-03 15:59:13,0.324979
1605,2018-07-03 15:59:16,0.304206
1606,2018-07-03 15:59:19,0.302623
1607,2018-07-03 15:59:23,0.336783
1608,2018-07-03 15:59:26,0.27716799999999997
1609,2018-07-03 15:59:29,0.0
1610,2018-07-03 15:59:38,0.36962399999999995
1611,2018-07-03 15:59:41,0.336255
1612,2018-07-03 15:59:44,0.354061
1613,2018-07-03 15:59:47,82.861324
1614,2018-07-03 15:59:50,1.3146209999999998
1615,2018-07-03 15:59:56,0.0
1616,2018-07-03 15:59:59,0.320824
1617,2018-07-03 16:00:00,0.0
1618,2018-07-03 16:00:03,0.298996
1619,2018-07-03 16:00:06,0.286862
1620,2018-07-03 16:00:09,0.0
1621,2018-07-03 16:00:21,0.41473000000000004
1622,2018-07-03 16:00:24,155.668752
1623,2018-07-03 16:00:27,23.411457000000002
1624,2018-07-03 16:00:30,0.307569
1625,2018-07-03 16:00:33,0.355577
1626,2018-07-03 16:00:37,0.277498
1627,2018-07-03 16:00:40,0.331837
1628,2018-07-03 16:00:43,0.0
1629,2018-07-03 16:00:55,0.309811
1630,2018-07-03 16:00:58,0.36085300000000003
1631,2018-07-03 16:01:06,0.0
1632,2018-07-03 16:01:07,0.285609
1633,2018-07-03 16:01:10,0.0
1634,2018-07-03 16:01:16,0.28429
1635,2018-07-03 16:01:20,0.308822
1636,2018-07-03 16:01:23,0.0
1637,2018-07-03 16:01:26,0.310207
1638,2018-07-03 16:01:29,0.328935
1639,2018-07-03 16:01:32,234.14932599999997
1640,2018-07-03 16:01:35,6.592623
1641,2018-07-03 16:01:38,0.276575
1642,2018-07-03 16:01:41,0.278883
1643,2018-07-03 16:01:44,0.0
1644,2018-07-03 16:01:59,0.32122
1645,2018-07-03 16:02:03,0.35531399999999996
1646,2018-07-03 16:02:06,0.325572
1647,2018-07-03 16:02:09,0.0
1648,2018-07-03 16:02:12,0.298073
1649,2018-07-03 16:02:15,0.350565
1650,2018-07-03 16:02:18,0.0
1651,2018-07-03 16:02:27,0.334409
1652,2018-07-03 16:02:30,0.338497
1653,2018-07-03 16:02:33,0.324385
1654,2018-07-03 16:02:36,0.312119
1655,2018-07-03 16:02:39,82.905112
1656,2018-07-03 16:02:42,0.0
1657,2018-07-03 16:02:46,0.328276
1658,2018-07-03 16:02:49,0.340806
1659,2018-07-03 16:02:52,0.373119
1660,2018-07-03 16:02:55,0.318648
1661,2018-07-03 16:02:58,0.306514
1662,2018-07-03 16:03:01,0.32260500000000003
1663,2018-07-03 16:03:04,0.0
1664,2018-07-03 16:03:07,0.35188400000000003
1665,2018-07-03 16:03:10,0.0
1666,2018-07-03 16:03:16,0.318318
1667,2018-07-03 16:03:20,0.0
1668,2018-07-03 16:03:26,0.29194000000000003
1669,2018-07-03 16:03:29,0.0
1670,2018-07-03 16:03:32,0.404443
1671,2018-07-03 16:03:35,235.95319500000002
1672,2018-07-03 16:03:38,1.9717
1673,2018-07-03 16:03:41,0.359534
1674,2018-07-03 16:03:44,0.34891700000000003
1675,2018-07-03 16:03:47,0.327748
1676,2018-07-03 16:03:50,0.0
1677,2018-07-03 16:04:03,0.40523400000000004
1678,2018-07-03 16:04:06,0.35221399999999997
1679,2018-07-03 16:04:09,0.290951
1680,2018-07-03 16:04:12,0.0
1681,2018-07-03 16:04:15,0.276113
1682,2018-07-03 16:04:18,0.305195
1683,2018-07-03 16:04:21,0.304733
1684,2018-07-03 16:04:24,0.33915700000000004
1685,2018-07-03 16:04:27,0.278355
1686,2018-07-03 16:04:30,0.326627
1687,2018-07-03 16:04:33,0.39811199999999997
1688,2018-07-03 16:04:36,97.68762
1689,2018-07-03 16:04:39,23.180912
1690,2018-07-03 16:04:43,0.32511100000000004
1691,2018-07-03 16:04:46,0.0
1692,2018-07-03 16:04:49,0.324979
1693,2018-07-03 16:04:52,0.0
1694,2018-07-03 16:04:55,0.324847
1695,2018-07-03 16:04:58,0.304733
1696,2018-07-03 16:05:01,0.383868
1697,2018-07-03 16:05:04,0.27624499999999996
1698,2018-07-03 16:05:07,0.0
1699,2018-07-03 16:05:10,0.353599
1700,2018-07-03 16:05:13,0.0
1701,2018-07-03 16:05:18,0.361183
1702,2018-07-03 16:05:24,0.29589699999999997
1703,2018-07-03 16:05:26,0.300117
1704,2018-07-03 16:05:29,0.0
1705,2018-07-03 16:05:32,0.34951
1706,2018-07-03 16:05:35,0.0
1707,2018-07-03 16:05:38,0.299194
1708,2018-07-03 16:05:41,0.326957
1709,2018-07-03 16:05:44,0.36448
1710,2018-07-03 16:05:47,218.64352999999997
1711,2018-07-03 16:06:01,0.317791
1712,2018-07-03 16:06:02,0.317791
1713,2018-07-03 16:06:03,0.0
1714,2018-07-03 16:06:06,0.322671
1715,2018-07-03 16:06:09,0.30658
1716,2018-07-03 16:06:12,0.287654
1717,2018-07-03 16:06:15,0.3474
1718,2018-07-03 16:06:18,0.330518
1719,2018-07-03 16:06:21,0.0
1720,2018-07-03 16:06:24,0.34680700000000003
1721,2018-07-03 16:06:27,0.0
1722,2018-07-03 16:06:30,0.330584
1723,2018-07-03 16:06:33,0.339685
1724,2018-07-03 16:06:37,0.0
1725,2018-07-03 16:06:40,0.34812600000000005
1726,2018-07-03 16:06:43,0.0
1727,2018-07-03 16:06:46,0.335794
1728,2018-07-03 16:06:49,0.0
1729,2018-07-03 16:06:52,0.33823400000000003
1730,2018-07-03 16:06:55,0.285477
1731,2018-07-03 16:06:58,0.286401
1732,2018-07-03 16:07:01,0.288775
1733,2018-07-03 16:07:04,0.294578
1734,2018-07-03 16:07:08,0.0
1735,2018-07-03 16:07:10,0.313636
1736,2018-07-03 16:07:13,0.336783
1737,2018-07-03 16:07:17,0.317395
1738,2018-07-03 16:07:20,0.27169499999999996
1739,2018-07-03 16:07:23,0.0
1740,2018-07-03 16:07:32,0.326627
1741,2018-07-03 16:07:35,0.0
1742,2018-07-03 16:07:41,0.280532
1743,2018-07-03 16:07:44,0.317857
1744,2018-07-03 16:07:47,0.304931
1745,2018-07-03 16:07:50,0.0
1746,2018-07-03 16:07:53,0.31759299999999996
1747,2018-07-03 16:07:56,0.0
1748,2018-07-03 16:08:03,7.237897999999999
1749,2018-07-03 16:08:06,0.30380999999999997
1750,2018-07-03 16:08:09,0.291808
1751,2018-07-03 16:08:15,0.33553
1752,2018-07-03 16:08:16,0.0
1753,2018-07-03 16:08:20,0.335002
1754,2018-07-03 16:08:23,0.397519
1755,2018-07-03 16:08:27,0.285148
1756,2018-07-03 16:08:29,0.315483
1757,2018-07-03 16:08:30,0.368305
1758,2018-07-03 16:08:33,0.272156
1759,2018-07-03 16:08:36,0.0
1760,2018-07-03 16:08:40,0.31601
1761,2018-07-03 16:08:43,0.0
1762,2018-07-03 16:08:46,0.371668
1763,2018-07-03 16:08:49,0.0
1764,2018-07-03 16:09:01,0.376416
1765,2018-07-03 16:09:04,0.325506
1766,2018-07-03 16:09:07,0.295567
1767,2018-07-03 16:09:10,0.0
1768,2018-07-03 16:09:13,0.337904
1769,2018-07-03 16:09:16,208.58481899999998
1770,2018-07-03 16:09:20,0.0
1771,2018-07-03 16:09:29,0.335002
1772,2018-07-03 16:09:32,0.0
1773,2018-07-03 16:09:35,0.388352
1774,2018-07-03 16:09:38,0.30136999999999997
1775,2018-07-03 16:09:41,0.377735
1776,2018-07-03 16:09:44,0.356501
1777,2018-07-03 16:09:47,0.296556
1778,2018-07-03 16:09:50,0.0
1779,2018-07-03 16:09:53,0.387693
1780,2018-07-03 16:09:56,0.302293
1781,2018-07-03 16:09:59,0.0
1782,2018-07-03 16:10:09,3.161156
1783,2018-07-03 16:10:12,236.586007
1784,2018-07-03 16:10:15,0.284027
1785,2018-07-03 16:10:18,0.0
1786,2018-07-03 16:10:27,0.357688
1787,2018-07-03 16:10:30,0.272354
1788,2018-07-03 16:10:33,0.41611499999999996
1789,2018-07-03 16:10:36,0.0
1790,2018-07-03 16:10:40,0.34825700000000004
1791,2018-07-03 16:10:43,0.32966100000000004
1792,2018-07-03 16:10:46,0.294578
1793,2018-07-03 16:10:49,0.311262
1794,2018-07-03 16:10:52,77.840773
1795,2018-07-03 16:10:55,0.303481
1796,2018-07-03 16:10:58,0.34634499999999996
1797,2018-07-03 16:11:01,0.0
1798,2018-07-03 16:11:04,0.348389
1799,2018-07-03 16:11:07,0.0
1800,2018-07-03 16:11:10,0.303151
1801,2018-07-03 16:11:13,0.0
1802,2018-07-03 16:11:16,0.271497
1803,2018-07-03 16:11:20,0.360259
1804,2018-07-03 16:11:23,0.348719
1805,2018-07-03 16:11:26,0.36197399999999996
1806,2018-07-03 16:11:29,0.353071
1807,2018-07-03 16:11:32,236.278108
1808,2018-07-03 16:11:35,0.860785
1809,2018-07-03 16:11:38,0.0
1810,2018-07-03 16:11:47,0.304338
1811,2018-07-03 16:11:50,0.356171
1812,2018-07-03 16:11:53,0.295435
1813,2018-07-03 16:11:56,0.0
1814,2018-07-03 16:12:00,0.36177600000000004
1815,2018-07-03 16:12:03,0.30783299999999997
1816,2018-07-03 16:12:06,0.0
1817,2018-07-03 16:12:09,0.289434
1818,2018-07-03 16:12:12,0.313372
1819,2018-07-03 16:12:15,0.0
1820,2018-07-03 16:12:27,0.527629
1821,2018-07-03 16:12:30,0.0
1822,2018-07-03 16:12:33,0.325968
1823,2018-07-03 16:12:36,0.0
1824,2018-07-03 16:12:40,0.297282
1825,2018-07-03 16:12:43,0.40760799999999997
1826,2018-07-03 16:12:46,0.276773
1827,2018-07-03 16:12:49,82.957868
1828,2018-07-03 16:12:52,2.2160279999999997
1829,2018-07-03 16:12:55,0.308822
1830,2018-07-03 16:12:58,0.338893
1831,2018-07-03 16:13:01,0.0
1832,2018-07-03 16:13:04,0.338102
1833,2018-07-03 16:13:07,0.346543
1834,2018-07-03 16:13:10,0.33539800000000003
1835,2018-07-03 16:13:13,0.347598
1836,2018-07-03 16:13:17,0.0
1837,2018-07-03 16:13:20,0.327617
1838,2018-07-03 16:13:23,0.29141300000000003
1839,2018-07-03 16:13:26,0.399497
1840,2018-07-03 16:13:29,0.330518
1841,2018-07-03 16:13:32,0.33012199999999997
1842,2018-07-03 16:13:35,0.296227
1843,2018-07-03 16:13:38,0.0
1844,2018-07-03 16:13:44,0.275256
1845,2018-07-03 16:13:47,0.0
1846,2018-07-03 16:13:50,0.312251
1847,2018-07-03 16:13:53,0.0
1848,2018-07-03 16:13:56,0.280927
1849,2018-07-03 16:14:00,0.32524200000000003
1850,2018-07-03 16:14:03,0.30658
1851,2018-07-03 16:14:06,0.341597
1852,2018-07-03 16:14:09,94.23801800000001
1853,2018-07-03 16:14:12,12.022431
1854,2018-07-03 16:14:15,0.300249
1855,2018-07-03 16:14:18,0.0
1856,2018-07-03 16:14:21,0.27031
1857,2018-07-03 16:14:24,0.27110100000000004
1858,2018-07-03 16:14:27,0.0
1859,2018-07-03 16:14:30,0.29840300000000003
1860,2018-07-03 16:14:33,0.0
1861,2018-07-03 16:14:37,0.27486
1862,2018-07-03 16:14:40,0.281389
1863,2018-07-03 16:14:43,0.321945
1864,2018-07-03 16:14:46,0.27552
1865,2018-07-03 16:14:49,0.29477600000000004
1866,2018-07-03 16:14:52,0.34496
1867,2018-07-03 16:14:55,0.373383
1868,2018-07-03 16:14:58,0.304206
1869,2018-07-03 16:15:01,0.28528000000000003
1870,2018-07-03 16:15:04,0.312119
1871,2018-07-03 16:15:07,0.0
1872,2018-07-03 16:15:10,225.665655
1873,2018-07-03 16:15:13,0.312119
1874,2018-07-03 16:15:16,0.29523699999999997
1875,2018-07-03 16:15:20,0.360128
1876,2018-07-03 16:15:23,0.0
1877,2018-07-03 16:15:26,0.32155
1878,2018-07-03 16:15:29,0.0
1879,2018-07-03 16:15:32,0.332365
1880,2018-07-03 16:15:35,0.32009899999999997
1881,2018-07-03 16:15:38,0.308558
1882,2018-07-03 16:15:41,0.332496
1883,2018-07-03 16:15:44,0.0
1884,2018-07-03 16:15:50,0.331573
1885,2018-07-03 16:15:53,0.0
1886,2018-07-03 16:16:00,0.286005
1887,2018-07-03 16:16:03,0.0
1888,2018-07-03 16:16:06,0.28732399999999997
1889,2018-07-03 16:16:09,0.30994299999999997
1890,2018-07-03 16:16:12,0.0
1891,2018-07-03 16:16:15,0.427787
1892,2018-07-03 16:16:18,0.0
1893,2018-07-03 16:16:21,0.314889
1894,2018-07-03 16:16:24,0.285148
1895,2018-07-03 16:16:27,2.544106
1896,2018-07-03 16:16:30,236.538592
1897,2018-07-03 16:16:33,0.0
1898,2018-07-03 16:16:39,0.295369
1899,2018-07-03 16:16:43,0.0
1900,2018-07-03 16:16:52,0.36362300000000003
1901,2018-07-03 16:16:55,0.270574
1902,2018-07-03 16:16:58,0.0
1903,2018-07-03 16:17:07,0.316472
1904,2018-07-03 16:17:10,0.309745
1905,2018-07-03 16:17:13,0.27697
1906,2018-07-03 16:17:16,0.0
1907,2018-07-03 16:17:23,0.304008
1908,2018-07-03 16:17:26,0.346543
1909,2018-07-03 16:17:29,0.349115
1910,2018-07-03 16:17:32,0.29405
1911,2018-07-03 16:17:35,0.276839
1912,2018-07-03 16:17:38,12.527111
1913,2018-07-03 16:17:41,0.0
1914,2018-07-03 16:17:44,0.306514
1915,2018-07-03 16:17:47,0.273937
1916,2018-07-03 16:17:50,0.365865
1917,2018-07-03 16:17:53,0.0
1918,2018-07-03 16:17:58,0.315285
1919,2018-07-03 16:18:00,80.362853
1920,2018-07-03 16:18:03,76.771139
1921,2018-07-03 16:18:06,0.32919899999999996
1922,2018-07-03 16:18:09,0.293061
1923,2018-07-03 16:18:12,0.337706
1924,2018-07-03 16:18:15,0.0
1925,2018-07-03 16:40:33,0.29688600000000004
1926,2018-07-03 16:40:36,0.0
1927,2018-07-03 16:49:57,0.271827
1928,2018-07-03 16:50:00,0.0
1929,2018-07-03 16:55:57,1078.983542
1930,2018-07-03 16:56:00,1133.863923
1931,2018-07-03 16:56:05,1041.0278369999999
1932,2018-07-03 16:56:06,355.774581
1933,2018-07-03 16:56:09,0.353071
1934,2018-07-03 16:56:12,0.0
1935,2018-07-03 16:56:15,27.829862
1936,2018-07-03 16:56:18,33.204276
1937,2018-07-03 16:56:21,353.551498
1938,2018-07-03 16:56:24,0.312251
1939,2018-07-03 16:56:28,0.0
1940,2018-07-03 16:56:31,1132.3851650000001
1941,2018-07-03 16:56:34,519.3403549999998
1942,2018-07-03 16:56:37,38.647076
1943,2018-07-03 16:56:40,626.014348
1944,2018-07-03 16:56:43,35.951164
1945,2018-07-03 16:56:46,566.235875
1946,2018-07-03 16:56:49,1.60056
1947,2018-07-03 16:56:52,0.9604940000000001
1948,2018-07-03 16:56:55,0.0
1949,2018-07-03 16:56:58,0.378394
1950,2018-07-03 16:57:01,0.34707
1951,2018-07-03 16:57:04,19.263561
1952,2018-07-03 16:57:07,79.145501
1953,2018-07-03 16:57:11,0.27584899999999996
1954,2018-07-03 16:57:14,0.0
1955,2018-07-03 16:57:17,0.34219
1956,2018-07-03 16:57:20,0.2926
1957,2018-07-03 16:57:23,0.331046
1958,2018-07-03 16:57:26,0.311922
1959,2018-07-03 16:57:29,0.281982
1960,2018-07-03 16:57:32,0.0
1961,2018-07-03 16:57:35,0.432338
1962,2018-07-03 16:57:38,0.0
1963,2018-07-03 16:57:41,0.278817
1964,2018-07-03 16:57:44,82.944745
1965,2018-07-03 16:57:47,0.32801199999999997
1966,2018-07-03 16:57:51,243.228089
1967,2018-07-03 16:57:54,0.32214299999999996
1968,2018-07-03 16:57:57,0.33724499999999996
1969,2018-07-03 16:58:00,0.317131
1970,2018-07-03 16:58:03,0.343971
1971,2018-07-03 16:58:06,0.0
1972,2018-07-03 16:58:09,0.34074
1973,2018-07-03 16:58:12,0.32511100000000004
1974,2018-07-03 16:58:15,0.0
1975,2018-07-03 16:58:18,0.306712
1976,2018-07-03 16:58:21,0.35181799999999996
1977,2018-07-03 16:58:24,0.0
1978,2018-07-03 16:58:27,0.290885
1979,2018-07-03 16:58:30,0.0
1980,2018-07-03 16:58:37,0.283301
1981,2018-07-03 16:58:40,0.285411
1982,2018-07-03 16:58:43,0.307371
1983,2018-07-03 16:58:46,195.087322
1984,2018-07-03 16:58:49,106.451098
1985,2018-07-03 16:58:53,0.0
1986,2018-07-03 16:58:55,0.287258
1987,2018-07-03 16:58:58,0.311922
1988,2018-07-03 16:59:01,0.277102
1989,2018-07-03 16:59:04,0.32873800000000003
1990,2018-07-03 16:59:07,0.394485
1991,2018-07-03 16:59:10,0.0
1992,2018-07-03 16:59:13,0.32715500000000003
1993,2018-07-03 16:59:17,0.328342
1994,2018-07-03 16:59:20,0.0
1995,2018-07-03 16:59:26,0.361512
1996,2018-07-03 16:59:29,0.313109
1997,2018-07-03 16:59:32,0.340212
1998,2018-07-03 16:59:35,0.0
1999,2018-07-03 16:59:41,0.289434
2000,2018-07-03 16:59:44,0.346543
2001,2018-07-03 16:59:47,0.333024
2002,2018-07-03 16:59:52,0.0
2003,2018-07-03 16:59:53,247.128295
2004,2018-07-03 16:59:56,3.434236
2005,2018-07-03 17:00:03,0.0
2006,2018-07-03 17:00:04,0.0
2007,2018-07-03 17:00:06,0.277696
2008,2018-07-03 17:00:09,0.0
2009,2018-07-03 17:00:12,0.292468
2010,2018-07-03 17:00:15,0.0
2011,2018-07-03 17:00:18,0.286467
2012,2018-07-03 17:00:22,0.313834
2013,2018-07-03 17:00:25,0.0
2014,2018-07-03 17:00:27,0.281916
2015,2018-07-03 17:00:30,0.30598600000000004
2016,2018-07-03 17:00:33,0.0
2017,2018-07-03 17:00:39,0.289434
2018,2018-07-03 17:00:43,94.738873
2019,2018-07-03 17:00:46,2.064419
2020,2018-07-03 17:00:49,0.29840300000000003
2021,2018-07-03 17:00:52,0.327617
2022,2018-07-03 17:00:55,0.340014
2023,2018-07-03 17:00:58,0.32807800000000004
2024,2018-07-03 17:01:05,0.344696
2025,2018-07-03 17:01:09,0.0
2026,2018-07-03 17:01:11,0.408531
2027,2018-07-03 17:01:13,0.295171
2028,2018-07-03 17:01:16,0.0
2029,2018-07-03 17:01:19,0.314889
2030,2018-07-03 17:01:22,0.0
2031,2018-07-03 17:01:29,0.283169
2032,2018-07-03 17:01:32,0.346411
2033,2018-07-03 17:01:35,0.306514
2034,2018-07-03 17:01:38,0.0
2035,2018-07-03 17:01:44,135.72338200000002
2036,2018-07-03 17:01:47,0.30446999999999996
2037,2018-07-03 17:01:50,0.0
2038,2018-07-03 17:01:53,0.30387600000000003
2039,2018-07-03 17:01:56,0.349708
2040,2018-07-03 17:01:59,0.0
2041,2018-07-03 17:02:02,0.343773
2042,2018-07-03 17:02:06,0.0
2043,2018-07-03 17:02:09,0.286796
2044,2018-07-03 17:02:12,0.0
2045,2018-07-03 17:02:15,0.311987
2046,2018-07-03 17:02:20,0.307503
2047,2018-07-03 17:02:21,0.29431399999999996
2048,2018-07-03 17:02:24,0.295765
2049,2018-07-03 17:02:27,0.302557
2050,2018-07-03 17:02:30,0.290687
2051,2018-07-03 17:02:33,0.0
2052,2018-07-03 17:02:36,0.35195
2053,2018-07-03 17:02:39,228.252559
2054,2018-07-03 17:02:42,0.0
2055,2018-07-03 17:02:49,0.297743
2056,2018-07-03 17:02:53,0.295105
2057,2018-07-03 17:02:57,0.3687
2058,2018-07-03 17:02:58,0.292665
2059,2018-07-03 17:03:01,0.0
2060,2018-07-03 17:03:04,0.274003
2061,2018-07-03 17:03:07,0.0
2062,2018-07-03 17:03:16,0.29227
2063,2018-07-03 17:03:19,0.354192
2064,2018-07-03 17:03:22,0.321484
2065,2018-07-03 17:03:26,0.380373
2066,2018-07-03 17:03:29,0.28739000000000003
2067,2018-07-03 17:03:32,0.333024
2068,2018-07-03 17:03:35,236.51544500000003
2069,2018-07-03 17:03:38,0.309679
2070,2018-07-03 17:03:41,0.381626
2071,2018-07-03 17:03:44,0.27796
2072,2018-07-03 17:03:47,0.32187899999999997
2073,2018-07-03 17:03:50,103.324167
2074,2018-07-03 17:03:53,0.304668
2075,2018-07-03 17:03:56,0.32056
2076,2018-07-03 17:03:59,0.0
2077,2018-07-03 17:04:05,0.295501
2078,2018-07-03 17:04:09,0.284488
2079,2018-07-03 17:04:12,0.385187
2080,2018-07-03 17:04:15,0.382417
2081,2018-07-03 17:04:18,0.440647
2082,2018-07-03 17:04:21,0.318054
2083,2018-07-03 17:04:24,0.0
2084,2018-07-03 17:04:27,0.304668
2085,2018-07-03 17:04:30,0.356962
2086,2018-07-03 17:04:33,0.326364
2087,2018-07-03 17:04:36,0.0
2088,2018-07-03 17:04:39,0.33658499999999997
2089,2018-07-03 17:04:42,0.38189
2090,2018-07-03 17:04:45,2.748866
2091,2018-07-03 17:04:49,248.312937
2092,2018-07-03 17:04:52,0.31990100000000005
2093,2018-07-03 17:04:55,0.333486
2094,2018-07-03 17:04:58,0.276377
2095,2018-07-03 17:05:01,0.304338
2096,2018-07-03 17:05:04,0.354324
2097,2018-07-03 17:05:07,0.353005
2098,2018-07-03 17:05:10,0.345817
2099,2018-07-03 17:05:19,0.310998
2100,2018-07-03 17:05:21,0.28580700000000003
2101,2018-07-03 17:05:22,0.0
2102,2018-07-03 17:05:26,0.33553
2103,2018-07-03 17:05:29,0.0
2104,2018-07-03 17:05:38,0.305723
2105,2018-07-03 17:05:41,0.31449299999999997
2106,2018-07-03 17:05:44,0.0
2107,2018-07-03 17:05:47,245.942334
2108,2018-07-03 17:05:50,6.068093
2109,2018-07-03 17:05:53,0.279476
2110,2018-07-03 17:05:56,0.298205
2111,2018-07-03 17:05:59,0.396925
2112,2018-07-03 17:06:02,0.0
2113,2018-07-03 17:06:06,0.30090900000000004
2114,2018-07-03 17:06:09,0.0
2115,2018-07-03 17:06:12,0.334013
2116,2018-07-03 17:06:15,0.31990100000000005
2117,2018-07-03 17:06:18,0.318912
2118,2018-07-03 17:06:21,0.287588
2119,2018-07-03 17:06:24,0.405036
2120,2018-07-03 17:06:27,0.32642899999999997
2121,2018-07-03 17:06:30,0.353335
2122,2018-07-03 17:06:33,0.307239
2123,2018-07-03 17:06:36,0.0
2124,2018-07-03 17:06:42,0.346873
2125,2018-07-03 17:06:46,0.303019
2126,2018-07-03 17:06:49,0.338629
2127,2018-07-03 17:06:52,0.328474
2128,2018-07-03 17:06:55,0.310537
2129,2018-07-03 17:06:58,0.372657
2130,2018-07-03 17:07:01,82.87385400000002
2131,2018-07-03 17:07:04,2.775178
2132,2018-07-03 17:07:07,231.717789
2133,2018-07-03 17:07:12,0.323198
2134,2018-07-03 17:07:13,0.0
2135,2018-07-03 17:07:16,0.340146
2136,2018-07-03 17:07:19,0.325968
2137,2018-07-03 17:07:22,0.33942100000000003
2138,2018-07-03 17:07:25,0.0
2139,2018-07-03 17:07:29,0.357951
2140,2018-07-03 17:07:32,0.298666
2141,2018-07-03 17:07:35,0.307305
2142,2018-07-03 17:07:38,0.288313
2143,2018-07-03 17:07:41,0.0
2144,2018-07-03 17:07:47,0.274267
2145,2018-07-03 17:07:50,0.307899
2146,2018-07-03 17:07:53,0.282378
2147,2018-07-03 17:07:56,0.270706
2148,2018-07-03 17:07:59,0.309086
2149,2018-07-03 17:08:02,0.314296
2150,2018-07-03 17:08:05,0.30499699999999996
2151,2018-07-03 17:08:11,0.280993
2152,2018-07-03 17:08:12,0.304272
2153,2018-07-03 17:08:15,0.28574099999999997
2154,2018-07-03 17:08:18,0.0
2155,2018-07-03 17:08:21,0.30407399999999996
2156,2018-07-03 17:08:24,1.596141
2157,2018-07-03 17:08:27,158.064415
2158,2018-07-03 17:08:30,161.412922
2159,2018-07-03 17:08:33,0.290489
2160,2018-07-03 17:08:36,0.349313
2161,2018-07-03 17:08:39,0.0
2162,2018-07-03 17:08:47,0.286467
2163,2018-07-03 17:08:55,0.37213
2164,2018-07-03 17:08:56,0.37213
2165,2018-07-03 17:08:57,0.37213
2166,2018-07-03 17:08:58,0.305789
2167,2018-07-03 17:08:59,0.305789
2168,2018-07-03 17:09:01,0.357358
2169,2018-07-03 17:09:04,0.0
2170,2018-07-03 17:09:10,94.406839
2171,2018-07-03 17:09:13,0.308954
2172,2018-07-03 17:09:17,0.296161
2173,2018-07-03 17:09:19,0.28079499999999996
2174,2018-07-03 17:09:22,0.307371
2175,2018-07-03 17:09:25,0.325308
2176,2018-07-03 17:09:28,0.335464
2177,2018-07-03 17:09:32,0.274399
2178,2018-07-03 17:09:35,0.0
2179,2018-07-03 17:09:38,0.293391
2180,2018-07-03 17:09:41,0.0
2181,2018-07-03 17:09:44,0.365008
2182,2018-07-03 17:09:47,0.0
2183,2018-07-03 17:09:50,0.36995300000000003
2184,2018-07-03 17:09:58,0.295765
2185,2018-07-03 17:10:00,0.0
2186,2018-07-03 17:10:03,0.300183
2187,2018-07-03 17:10:05,0.27453099999999997
2188,2018-07-03 17:10:08,0.295105
2189,2018-07-03 17:10:11,0.0
2190,2018-07-03 17:10:18,0.316076
2191,2018-07-03 17:10:21,0.293259
2192,2018-07-03 17:10:24,0.30585500000000004
2193,2018-07-03 17:10:27,0.340674
2194,2018-07-03 17:10:30,0.304733
2195,2018-07-03 17:10:33,0.0
2196,2018-07-03 17:10:36,0.355248
2197,2018-07-03 17:10:39,0.347136
2198,2018-07-03 17:10:42,248.41409700000003
2199,2018-07-03 17:10:45,0.472498
2200,2018-07-03 17:10:48,0.283367
2201,2018-07-03 17:10:51,0.37146999999999997
2202,2018-07-03 17:10:55,0.302755
2203,2018-07-03 17:11:06,0.0
2204,2018-07-03 17:11:07,0.29227
2205,2018-07-03 17:11:10,0.316867
2206,2018-07-03 17:11:13,0.0
2207,2018-07-03 17:11:31,0.29523699999999997
2208,2018-07-03 17:11:35,0.0
2209,2018-07-03 17:11:44,0.285939
2210,2018-07-03 17:11:47,0.378394
2211,2018-07-03 17:11:50,0.3718
2212,2018-07-03 17:11:53,15.173894
2213,2018-07-03 17:11:58,236.43578300000001
2214,2018-07-03 17:11:59,0.318648
2215,2018-07-03 17:12:02,0.29886399999999996
2216,2018-07-03 17:12:05,0.356369
2217,2018-07-03 17:12:08,0.274465
2218,2018-07-03 17:12:12,0.0
2219,2018-07-03 17:12:15,0.273739
2220,2018-07-03 17:12:18,0.0
2221,2018-07-03 17:12:21,0.354324
2222,2018-07-03 17:12:24,0.320231
2223,2018-07-03 17:12:28,0.0
2224,2018-07-03 17:12:33,0.323924
2225,2018-07-03 17:12:36,0.312449
2226,2018-07-03 17:12:39,0.0
2227,2018-07-03 17:12:42,0.30717300000000003
2228,2018-07-03 17:12:45,0.28244400000000003
2229,2018-07-03 17:12:48,0.28673000000000004
2230,2018-07-03 17:12:55,0.0
2231,2018-07-03 17:12:58,0.279806
2232,2018-07-03 17:13:01,0.32042800000000005
2233,2018-07-03 17:13:07,0.0
2234,2018-07-03 17:13:08,0.278619
2235,2018-07-03 17:13:10,218.88066899999998
2236,2018-07-03 17:13:13,0.341927
2237,2018-07-03 17:13:18,0.335794
2238,2018-07-03 17:13:20,0.342256
2239,2018-07-03 17:13:22,0.29649000000000003
2240,2018-07-03 17:13:25,0.30506300000000003
2241,2018-07-03 17:13:28,0.355182
2242,2018-07-03 17:13:31,0.30414
2243,2018-07-03 17:13:34,0.303481
2244,2018-07-03 17:13:42,0.311658
2245,2018-07-03 17:13:43,0.311658
2246,2018-07-03 17:13:44,0.327617
2247,2018-07-03 17:13:47,0.0
2248,2018-07-03 17:13:50,0.317725
2249,2018-07-03 17:13:53,0.27031
2250,2018-07-03 17:13:56,0.274333
2251,2018-07-03 17:13:59,0.306316
2252,2018-07-03 17:14:02,0.288973
2253,2018-07-03 17:14:05,0.306316
2254,2018-07-03 17:14:08,0.291281
2255,2018-07-03 17:14:11,0.36659
2256,2018-07-03 17:14:14,0.290225
2257,2018-07-03 17:14:18,0.29029099999999997
2258,2018-07-03 17:14:21,0.0
2259,2018-07-03 17:14:24,0.326232
2260,2018-07-03 17:14:27,1.7306700000000002
2261,2018-07-03 17:14:30,0.308031
2262,2018-07-03 17:14:36,0.277762
2263,2018-07-03 17:14:39,0.0
2264,2018-07-03 17:14:42,0.319967
2265,2018-07-03 17:14:45,0.321615
2266,2018-07-03 17:14:54,0.0
2267,2018-07-03 17:14:55,0.293984
2268,2018-07-03 17:14:57,0.3768780000000001
2269,2018-07-03 17:15:01,0.0
2270,2018-07-03 17:15:04,0.34008
2271,2018-07-03 17:15:07,0.0
2272,2018-07-03 17:15:13,0.287456
2273,2018-07-03 17:15:16,0.0
2274,2018-07-03 17:15:22,94.774814
2275,2018-07-03 17:15:26,0.656882
2276,2018-07-03 17:15:28,0.33539800000000003
2277,2018-07-03 17:15:31,0.341003
2278,2018-07-03 17:15:34,0.308954
2279,2018-07-03 17:15:37,0.292534
2280,2018-07-03 17:15:46,0.318714
2281,2018-07-03 17:15:47,0.31535100000000005
2282,2018-07-03 17:15:50,0.0
2283,2018-07-03 17:15:56,0.271233
2284,2018-07-03 17:15:59,0.337376
2285,2018-07-03 17:16:02,0.0
2286,2018-07-03 17:16:08,0.29438000000000003
2287,2018-07-03 17:16:11,0.293391
2288,2018-07-03 17:16:14,0.28244400000000003
2289,2018-07-03 17:16:17,0.0
2290,2018-07-03 17:16:21,0.286269
2291,2018-07-03 17:16:24,0.31897800000000004
2292,2018-07-03 17:16:27,56.860457
2293,2018-07-03 17:16:30,56.156093999999996
2294,2018-07-03 17:16:33,0.30446999999999996
2295,2018-07-03 17:16:36,0.309152
2296,2018-07-03 17:16:39,0.0
2297,2018-07-03 17:16:48,0.277564
2298,2018-07-03 17:16:51,0.32187899999999997
2299,2018-07-03 17:16:59,0.0
2300,2018-07-03 17:17:07,0.32748499999999997
2301,2018-07-03 17:17:10,0.337904
2302,2018-07-03 17:17:13,0.281323
2303,2018-07-03 17:17:16,0.303942
2304,2018-07-03 17:17:19,0.371272
2305,2018-07-03 17:17:22,0.0
2306,2018-07-03 17:17:25,82.973959
2307,2018-07-03 17:17:28,0.0
2308,2018-07-03 17:17:31,236.10691400000002
2309,2018-07-03 17:17:35,1.4553479999999999
2310,2018-07-03 17:17:38,0.36698600000000003
2311,2018-07-03 17:17:41,0.326166
2312,2018-07-03 17:17:44,0.0
2313,2018-07-03 17:17:47,0.306844
2314,2018-07-03 17:17:50,0.297414
2315,2018-07-03 17:17:53,0.298535
2316,2018-07-03 17:17:56,0.34113499999999997
2317,2018-07-03 17:17:59,0.30209600000000003
2318,2018-07-03 17:18:02,0.31845
2319,2018-07-03 17:18:05,0.356369
2320,2018-07-03 17:18:08,0.0
2321,2018-07-03 17:18:12,0.292534
2322,2018-07-03 17:18:15,0.271365
2323,2018-07-03 17:18:18,0.0
2324,2018-07-03 17:18:24,0.280202
2325,2018-07-03 17:18:27,0.27308000000000004
2326,2018-07-03 17:18:30,0.306514
2327,2018-07-03 17:18:33,0.29932600000000004
2328,2018-07-03 17:18:36,0.0
2329,2018-07-03 17:18:39,237.438021
2330,2018-07-03 17:18:42,0.0
2331,2018-07-03 17:18:48,0.319967
2332,2018-07-03 17:18:52,0.0
2333,2018-07-03 17:18:55,0.293391
2334,2018-07-03 17:18:58,0.28580700000000003
2335,2018-07-03 17:19:01,0.0
2336,2018-07-03 17:19:10,0.328869
2337,2018-07-03 17:19:13,0.33322199999999996
2338,2018-07-03 17:19:16,0.509362
2339,2018-07-03 17:19:19,81.877749
2340,2018-07-03 17:19:22,3.856154
2341,2018-07-03 17:19:25,0.0
2342,2018-07-03 17:19:28,0.297084
2343,2018-07-03 17:19:32,0.288511
2344,2018-07-03 17:19:35,0.286467
2345,2018-07-03 17:19:38,0.0
2346,2018-07-03 17:19:41,0.277036
2347,2018-07-03 17:19:44,0.274992
2348,2018-07-03 17:19:47,0.0
2349,2018-07-03 17:19:53,0.296292
2350,2018-07-03 17:19:56,0.0
2351,2018-07-03 17:20:02,353.585855
2352,2018-07-03 17:20:05,1.239311
2353,2018-07-03 17:20:11,0.27129899999999996
2354,2018-07-03 17:20:12,0.319373
2355,2018-07-03 17:20:15,0.347136
2356,2018-07-03 17:20:18,0.340937
